"Z","id","U","B1","B2","A","Y"
1,1,0.955893761711195,8.80012029004162,1,1,0
1,2,0.452380596427247,1.60712160499481,0,1,0
1,3,0.766338474582881,1.20906858321927,0,1,0
1,4,0.290503408294171,2.46239242088183,1,0,0
1,5,0.574689255096018,4.80491851614808,1,1,0
1,6,0.210504578659311,2.37127724798795,1,1,0
1,7,0.718227664474398,0.409199310365366,0,0,0
1,8,0.457370079820976,4.94804138946644,1,1,0
1,9,0.224220921751112,-0.510600815152865,0,1,0
1,10,0.661849477794021,4.89161770048176,1,1,0
1,11,0.0629573746118695,-2.65920244490301,0,1,0
1,12,0.890810017939657,7.79654409984479,1,1,0
1,13,0.0129982747603208,2.97204769317917,1,1,0
1,14,0.511275585507974,1.3657583024817,0,1,1
1,15,0.598859366727993,2.60662465623424,0,1,0
1,16,0.63360236515291,1.85611512839782,1,0,0
1,17,0.872108481591567,7.96134357644028,1,1,0
1,18,0.186976805329323,6.57354355686064,1,1,0
1,19,0.252907125279307,1.08880831760325,0,1,0
1,20,0.651139172259718,5.15131844965285,1,1,0
1,21,0.928131770575419,3.31544503234505,1,0,0
1,22,0.159129550447688,0.977784007642074,0,1,0
1,23,0.34710590634495,3.10155139021277,1,1,0
1,24,0.122560786781833,-0.75087761095191,0,1,0
1,25,0.464344459353015,4.52661086469957,1,1,0
1,26,0.43008705903776,3.56274329980665,1,0,0
1,27,0.714792618295178,5.21015407352571,1,1,0
1,28,0.655323873274028,6.82480844526099,1,1,0
1,29,0.907758310437202,5.35877215902204,1,1,0
1,30,0.233107378939167,2.41103057269804,0,1,0
1,31,0.069805440492928,-0.547592260899738,0,0,0
1,32,0.0898957904428244,-0.162428446515105,0,0,0
1,33,0.736261631594971,6.41658110991706,1,1,0
1,34,0.227857079356909,4.25199535499055,1,1,0
1,35,0.871455711545423,8.53763325160057,1,1,0
1,36,0.464753521373495,4.67452197543345,1,1,0
1,37,0.415454466594383,1.16290001790196,0,1,0
1,38,0.698360075708479,5.43157706151853,1,1,0
1,39,0.938625808572397,9.46544981106074,1,1,1
1,40,0.566101893316954,5.68864080215447,1,1,1
1,41,0.832351103192195,4.44728114398611,1,1,0
1,42,0.150692327646539,-1.44985446975039,0,1,0
1,43,0.593504219548777,3.11844834090746,1,1,1
1,44,0.283787408145145,0.78077153728797,0,0,0
1,45,0.849664022913203,3.73981971443535,1,1,0
1,46,0.952886646846309,5.91066069790889,1,1,0
1,47,0.334343222202733,7.18628933951904,1,1,0
1,48,0.655885979067534,-0.846210219989435,0,1,1
1,49,0.780788380419835,5.22233378396634,0,1,0
1,50,0.956098027992994,8.05638474989472,1,1,0
1,51,0.356589925242588,0.264177831560387,0,1,0
1,52,0.558876736788079,3.38908343761521,0,1,0
1,53,0.311434806557372,-1.89323318850756,0,1,0
1,54,0.935988579876721,5.23176419329582,1,1,0
1,55,0.502568654483184,4.64157613737736,1,1,0
1,56,0.239887931384146,2.95322689447096,0,1,1
1,57,0.252601186279207,0.158056702401187,0,1,0
1,58,0.425064591458067,0.988321298478068,0,1,0
1,59,0.628300367388874,2.70104695756489,1,1,0
1,60,0.66819337499328,-0.219078664165969,0,0,0
1,61,0.770515379263088,1.12893414470114,0,0,0
1,62,0.20120667363517,-0.953974411557264,0,1,0
1,63,0.311291700461879,2.46836099115294,0,1,0
1,64,0.430590011877939,3.5245487981225,1,1,1
1,65,0.110794748878106,-0.422314066989601,0,0,0
1,66,0.577294283546507,2.40448100130952,0,1,0
1,67,0.773949600057676,3.77336770275933,1,1,0
1,68,0.982989732874557,4.62296438241198,1,1,0
1,69,0.246457327157259,-0.146766557308593,0,0,0
1,70,0.206330348039046,2.54795751293279,0,1,0
1,71,0.237758812494576,-1.68826398360421,0,0,0
1,72,0.913029272807762,8.41673060738076,1,1,0
1,73,0.737939199898392,5.42513657800026,1,1,1
1,74,0.282662871060893,1.8324610446402,0,1,0
1,75,0.191538582090288,-1.70096394887229,0,0,0
1,76,0.418991427402943,-4.81770738273313,0,1,0
1,77,0.541359890019521,4.48819731865961,1,1,0
1,78,0.864401051076129,2.28308541978155,1,1,0
1,79,0.683636942878366,4.63615349692993,1,1,0
1,80,0.824623899068683,3.58357539816866,1,1,0
1,81,0.928231799742207,7.27269058710978,1,1,0
1,82,0.260726328240708,1.98628859686966,1,1,0
1,83,0.997569010127336,5.47874431084496,1,1,0
1,84,0.869169930228963,2.13836255886739,1,1,0
1,85,0.201802680501714,1.8999186135465,0,1,0
1,86,0.141247254330665,4.35641108203789,1,1,0
1,87,0.887058432912454,3.97107566095649,1,0,0
1,88,0.374795247567818,2.24340198050845,0,1,0
1,89,0.372535160044208,3.52637447628658,0,0,0
1,90,0.149312376277521,2.34359200332973,0,0,0
1,91,0.296742279781029,-1.27459089116877,0,0,0
1,92,0.235805673059076,2.71542939063435,0,0,0
1,93,0.758084970293567,1.70435721734288,0,1,0
1,94,0.115311361616477,2.22578239830102,0,1,0
1,95,0.372312241233885,-0.777690810933963,0,0,0
1,96,0.0642662541940808,2.59617992661362,0,1,0
1,97,0.879593555349857,5.8545058785514,1,1,0
1,98,0.0937379717361182,-1.13123291032891,0,1,0
1,99,0.975628287531435,7.3119537681022,1,1,0
1,100,0.00257546617649496,0.891212787007831,0,1,0
1,101,0.171575769782066,1.70470683196083,0,1,1
1,102,0.983979436801746,3.25961510171955,1,1,0
1,103,0.668746226467192,2.86960392641265,1,1,0
1,104,0.740443613380194,4.99103976155726,1,1,0
1,105,0.322856509592384,-1.47017309185849,0,0,0
1,106,0.527389402268454,1.35434637897408,0,1,0
1,107,0.90853623743169,9.25560119928183,1,1,0
1,108,0.0571432267315686,7.09500238067353,1,1,1
1,109,0.291885284939781,2.4678406634539,0,1,0
1,110,0.91765312384814,6.86093538068299,1,1,0
1,111,0.356284193461761,2.88760671950793,0,1,0
1,112,0.601753492606804,1.70445425768754,0,1,0
1,113,0.409503905801103,1.80817324598804,1,1,0
1,114,0.869567154441029,6.80431172420931,1,1,0
1,115,0.0120428712107241,3.13603304554504,0,1,0
1,116,0.733503126772121,6.72535906353527,1,1,0
1,117,0.701789979590103,4.70578395044853,1,1,0
1,118,0.341006020549685,2.05333421920983,0,1,0
1,119,0.392539494670928,0.241185916551382,0,0,0
1,120,0.272536165779456,0.426954716625067,0,1,0
1,121,0.950272581307217,5.96601569217858,1,1,0
1,122,0.231504971161485,0.22610787313417,0,0,0
1,123,0.664037957554683,7.968375811398,1,1,0
1,124,0.736258470686153,9.22101216836259,1,1,0
1,125,0.0520794945769012,2.83477215161264,1,1,0
1,126,0.789883388206363,4.53854533445468,0,1,0
1,127,0.136505682487041,1.82193776982645,0,0,0
1,128,0.482629124773666,1.1575533076868,0,1,0
1,129,0.315911075565964,0.790839413809392,0,1,0
1,130,0.75241565098986,6.76730965478031,1,1,0
1,131,0.32650308846496,0.530689509812782,0,0,0
1,132,0.956972445128486,7.61144058857167,1,1,0
1,133,0.0660836717579514,2.40484758432679,0,0,0
1,134,0.451294998172671,4.06675387716302,0,1,0
1,135,0.596077698050067,5.42743517889079,1,1,0
1,136,0.274688070174307,1.78370536411657,0,1,0
1,137,0.569891151972115,6.43350009843468,1,1,0
1,138,0.123887284193188,3.72368601646878,0,0,0
1,139,0.954367388039827,7.72806616316775,1,1,1
1,140,0.715584900695831,4.31539954143892,0,1,0
1,141,0.720477791735902,5.92296384576813,1,1,0
1,142,0.908895952627063,6.9001268404975,1,1,0
1,143,0.973566644126549,6.87951731202476,1,1,0
1,144,0.457115006865934,5.12117485944333,1,1,0
1,145,0.884015982504934,3.94018289496981,0,1,0
1,146,0.480243097990751,2.44253068204943,0,1,0
1,147,0.602414281340316,3.60098460178313,1,1,0
1,148,0.640722482930869,1.93377913333643,0,0,0
1,149,0.698369785677642,-0.231023498894645,0,1,0
1,150,0.217927664518356,0.850064032085347,0,1,0
1,151,0.750165705336258,7.4664891299126,1,1,0
1,152,0.635927051305771,4.36065463965896,1,1,0
1,153,0.161803758470342,2.41589060788944,0,1,0
1,154,0.666979434434325,5.04763563626602,1,1,0
1,155,0.118535037152469,0.279373313420055,0,0,0
1,156,0.729800367029384,4.1940929425645,1,1,0
1,157,0.730375579325482,4.97031921495853,0,1,0
1,158,0.959873067447916,3.62790339544984,1,1,1
1,159,0.490240371320397,5.11721876722937,1,1,0
1,160,0.178496276028454,-0.311007784312505,0,0,0
1,161,0.716317816637456,2.22523284420863,0,1,0
1,162,0.287694371305406,-0.377571939690081,0,1,0
1,163,0.0513840548228472,-1.05133664175489,0,0,0
1,164,0.625480176880956,4.31534174115843,1,1,1
1,165,0.118937707971781,-3.06319471604892,0,0,0
1,166,0.822200326016173,4.57908717184944,1,1,0
1,167,0.827680233633146,5.95817428857036,1,1,0
1,168,0.396254993509501,-0.65082886126813,0,0,0
1,169,0.929669419536367,4.06138066718505,0,1,1
1,170,0.949358073994517,8.73186257548152,1,1,1
1,171,0.121169786900282,-0.582797046813874,0,1,1
1,172,0.0919424525927752,1.41691425732969,0,1,0
1,173,0.0894806401338428,0.574223079839487,0,1,1
1,174,0.434861090034246,1.7261187075542,0,0,0
1,175,0.939308324363083,5.39208571159621,1,1,0
1,176,0.256387274945155,-0.319546769783137,0,1,0
1,177,0.663605344481766,2.79938179608598,1,1,0
1,178,0.69918901915662,6.36642678661122,1,1,1
1,179,0.659965584054589,5.01201442796117,1,1,0
1,180,0.0259578889235854,-2.74388426244666,0,0,0
1,181,0.302394481608644,1.61439924845814,0,1,0
1,182,0.282288138521835,1.37438988393498,0,1,0
1,183,0.643564372323453,4.15217842771205,1,1,0
1,184,0.817950775381178,5.06784609949134,1,1,0
1,185,0.498241992434487,1.84468021961111,1,1,0
1,186,0.435938289621845,5.98904778482892,1,1,0
1,187,0.174477890366688,0.321002680864892,0,0,0
1,188,0.0210382633376867,1.93113431804539,1,1,0
1,189,0.903928356012329,5.97772999597781,1,1,0
1,190,0.401489381911233,4.04315557012111,1,0,1
1,191,0.3675716817379,2.21335013509596,0,1,0
1,192,0.556637393077835,1.21297257701675,0,1,0
1,193,0.249397182138637,0.950634196174076,0,1,0
1,194,0.92587757203728,5.93104155361547,1,1,0
1,195,0.155591983115301,0.45341200813232,0,1,0
1,196,0.126506963511929,3.98906010252343,1,1,0
1,197,0.507804465480149,3.63060530461572,0,1,0
1,198,0.545131044462323,1.29976954801738,0,1,0
1,199,0.489874728955328,4.95045062743089,1,1,0
1,200,0.274962097173557,4.98070535737276,0,1,0
1,201,0.214085528627038,1.3280587400393,0,0,0
1,202,0.851567074423656,4.248391314412,1,1,0
1,203,0.861037964234129,0.697089884836629,0,1,0
1,204,0.927200741367415,4.75653996422023,1,1,0
1,205,0.967535191681236,7.26923745404957,1,1,0
1,206,0.371382049750537,3.15521935969822,0,1,0
1,207,0.455453739035875,5.11712757083361,1,1,0
1,208,0.0808479574043304,1.5622841013437,0,1,0
1,209,0.412539252778515,1.88224615861486,1,1,0
1,210,0.570988456951454,3.49269419042057,1,1,0
1,211,0.162310931365937,2.26826472333027,0,0,0
1,212,0.572670143097639,4.02376238285211,0,1,0
1,213,0.147086750715971,-0.842186221274924,0,0,0
1,214,0.296718759462237,0.503727862813696,0,1,0
1,215,0.763632335001603,4.18623302065003,1,1,0
1,216,0.929082337534055,5.01836832081691,1,1,0
1,217,0.132163672242314,2.73960895985073,0,0,0
1,218,0.838264772668481,7.44860693922177,1,1,1
1,219,0.158987317001447,2.17940865193091,1,1,0
1,220,0.247608967125416,2.65068622280228,0,1,0
1,221,0.931873421883211,2.28472325331079,0,1,0
1,222,0.505524491658434,5.10682040016712,1,1,0
1,223,0.308614351553842,2.3389031122138,0,1,0
1,224,0.879186697304249,6.36822812852797,1,1,1
1,225,0.21759327291511,2.49910370004373,1,1,0
1,226,0.656903232214972,2.43264546974282,0,1,1
1,227,0.379157132003456,2.34829150187011,0,1,1
1,228,0.449155586771667,3.65207382374537,1,1,0
1,229,0.401153552811593,4.42813530844998,1,1,0
1,230,0.401570448186249,0.745394207631999,0,0,0
1,231,0.884294599527493,6.39435743954877,1,1,0
1,232,0.424477468011901,1.99622186591675,0,1,0
1,233,0.827753643505275,0.364686755179473,0,1,0
1,234,0.947905402397737,4.89292145930523,1,1,0
1,235,0.944027201505378,3.52631599316172,1,1,0
1,236,0.627399407094344,5.69641528230717,1,1,0
1,237,0.0555523810908198,-4.22073632268282,0,0,0
1,238,0.600088640814647,2.14731775245098,1,1,1
1,239,0.728606558172032,3.81811040529091,1,1,0
1,240,0.709297342225909,2.75523876722034,0,1,0
1,241,0.306765015469864,4.2901754421522,1,1,0
1,242,0.292982064420357,0.302873630637875,0,1,0
1,243,0.811081525636837,5.12789075316327,1,1,1
1,244,0.0545576403383166,0.41465196202879,0,1,1
1,245,0.0309056697878987,1.31513644731499,0,0,0
1,246,0.207441941834986,4.34155356354439,1,1,0
1,247,0.400500210933387,4.29942472180324,1,1,0
1,248,0.11124039022252,0.651381870850436,0,0,0
1,249,0.570912607945502,5.62401582434057,1,1,0
1,250,0.65695682563819,2.64429938621558,0,1,0
1,251,0.345097845885903,0.491405759900059,0,0,0
1,252,0.394513858715072,3.34168131109429,1,1,0
1,253,0.843043722445145,2.4683435346731,1,0,0
1,254,0.0036421655677259,-1.31988453524663,0,1,0
1,255,0.965889215702191,3.38224421810948,1,1,1
1,256,0.598852400900796,3.98366411049674,1,1,0
1,257,0.846392244566232,4.40886539250779,1,1,0
1,258,0.927115652011707,2.47040181490816,0,1,0
1,259,0.200795343611389,2.15240970693345,0,1,0
1,260,0.631969040259719,6.29714601520607,1,1,0
1,261,0.996390543645248,5.34701702420804,1,1,0
1,262,0.942668126896024,5.91168827075595,1,1,0
1,263,0.664717560168356,3.38457298205563,1,1,0
1,264,0.653273678617552,3.30076825907833,1,0,0
1,265,0.213129380019382,-1.06532508620522,0,0,0
1,266,0.700304592726752,6.88983612413614,1,1,0
1,267,0.158344889292493,1.99179375033623,0,1,0
1,268,0.449058726895601,2.51065220461417,0,1,0
1,269,0.0335229022894055,0.83451647034952,0,1,0
1,270,0.345145007129759,0.635796721413163,0,0,0
1,271,0.944646672112867,7.17799535937537,1,1,1
1,272,0.600160613423213,2.02775959373359,0,0,0
1,273,0.247032634215429,3.65030198477069,0,1,0
1,274,0.128830594476312,1.68188427916758,0,0,0
1,275,0.401390549028292,4.69741249925318,0,1,0
1,276,0.583790552336723,2.81906062007812,0,1,0
1,277,0.418897048104554,2.38725626880745,0,1,0
1,278,0.313311270670965,2.94368264884485,0,1,0
1,279,0.95070575340651,6.8703812215579,1,1,0
1,280,0.743386474903673,4.83945547783787,1,1,0
1,281,0.529224801342934,2.68959155001466,0,1,0
1,282,0.138311641523615,2.34319765250239,0,1,0
1,283,0.299813239136711,3.97991443796205,1,1,0
1,284,0.754505659919232,5.97638155290425,1,1,0
1,285,0.791200255276635,-0.863253765386064,0,1,0
1,286,0.705816457280889,4.07985134197535,1,1,0
1,287,0.874285787111148,3.6529103500619,1,1,0
1,288,0.927554629277438,4.99629025911388,1,1,1
1,289,0.909179363632575,3.10749117654455,1,1,0
1,290,0.168871265137568,0.866891079223725,1,0,0
1,291,0.201440185308456,1.17227524189538,0,1,0
1,292,0.746187182376161,4.0839974075021,1,1,0
1,293,0.11488207639195,-0.594242379609225,0,1,0
1,294,0.78669668873772,2.20938073247532,0,0,0
1,295,0.361329935491085,3.38168762962469,1,1,0
1,296,0.107736204750836,2.45093381462475,0,1,0
1,297,0.0933557807002217,2.57920886105261,1,1,0
1,298,0.147500562947243,-2.14126800160942,0,1,0
1,299,0.395204482367262,2.32576783779313,0,0,0
1,300,0.639616839354858,2.16898862256219,0,1,1
1,301,0.387708359863609,4.57021833418128,1,1,0
1,302,0.987428583204746,7.94947589035176,1,1,0
1,303,0.249307348625734,-2.75234101709039,0,0,0
1,304,0.523467373568565,6.31571039561856,1,1,0
1,305,0.980438718106598,7.57807614893606,1,1,0
1,306,0.860843322472647,2.63640801651051,1,1,0
1,307,0.196656661573797,-1.91177966287046,0,0,1
1,308,0.988029680214822,3.17866740200282,1,1,0
1,309,0.702351923566312,5.15598045857179,1,1,0
1,310,0.313119612168521,5.99547875646616,1,1,0
1,311,0.834541451651603,5.37491306551302,1,1,0
1,312,0.726783096790314,4.57353720590331,1,1,0
1,313,0.760547523619607,6.16731504077059,1,1,0
1,314,0.507772237760946,1.7114075898082,0,1,0
1,315,0.531275575514883,2.1843107267431,0,1,0
1,316,0.526864316081628,5.22862023939955,1,1,1
1,317,0.342269623186439,3.24943237752774,0,1,0
1,318,0.764707392081618,5.97497381461669,1,1,1
1,319,0.44170852121897,1.46325865838229,0,1,0
1,320,0.69783155922778,4.15098749926762,1,1,0
1,321,0.0252145759295672,-3.64854181761141,0,0,0
1,322,0.803730264538899,6.83053112813049,1,1,0
1,323,0.369958468945697,4.71208472814175,1,1,0
1,324,0.463062809314579,6.25800715581308,1,1,0
1,325,0.024296443676576,1.28449912556245,0,0,0
1,326,0.227170185884461,1.72763819888,1,0,0
1,327,0.480970287462696,7.80510977316956,1,1,0
1,328,0.862654482014477,1.93751692954327,1,1,0
1,329,0.935385983902961,9.08547701700178,1,1,0
1,330,0.754391249734908,3.93524665947925,1,1,0
1,331,0.563601722242311,1.82109921025734,0,0,0
1,332,0.898452214431018,2.14112120106108,1,1,0
1,333,0.650938082952052,3.65713772549414,1,1,0
1,334,0.848713486688212,4.46794708804365,1,1,0
1,335,0.919642359949648,4.60085860735937,1,0,0
1,336,0.133271775906906,3.68201640557942,1,1,0
1,337,0.288164552533999,3.02302167870747,1,1,0
1,338,0.256509993225336,-1.07251690034127,0,0,0
1,339,0.363381881034002,6.03290675315635,1,1,0
1,340,0.846975803840905,5.57021655622876,1,1,0
1,341,0.98923497996293,3.74299136753545,1,1,0
1,342,0.604714921675622,0.211888370816411,0,0,0
1,343,0.447386696003377,0.656026076593056,0,1,0
1,344,0.0979568995535374,2.22878444556188,0,0,0
1,345,0.508309135213494,1.67887563975124,0,1,0
1,346,0.123527037212625,5.99966028440429,1,1,0
1,347,0.914037553826347,1.76779869702684,0,0,0
1,348,0.282141237519681,1.8659871392173,0,1,0
1,349,0.544947765069082,3.80894028631596,0,1,0
1,350,0.0462478001136333,0.934936624851565,0,1,0
1,351,0.665693094022572,4.34825762340813,1,1,0
1,352,0.897426217328757,1.20922501129015,1,0,0
1,353,0.807280950015411,5.5280759681885,1,1,0
1,354,0.81194142671302,3.75820437287503,1,1,0
1,355,0.652108777081594,7.33264855065718,1,1,1
1,356,0.243823180673644,1.17474316353942,0,1,0
1,357,0.527934045763686,3.4008064950911,1,1,0
1,358,0.489248418947682,1.80742790188547,0,1,0
1,359,0.603459468577057,3.7388080426364,1,1,0
1,360,0.190807004226372,1.57712206041494,0,1,0
1,361,0.426600252976641,1.80557123651651,0,1,0
1,362,0.860237937653437,3.2150336216902,1,0,0
1,363,0.756071264855564,2.50138157261376,0,1,0
1,364,0.715263235382736,5.36503019021654,1,0,0
1,365,0.338777199853212,0.989891801224748,0,1,0
1,366,0.316818042192608,1.21101289341641,0,0,0
1,367,0.811403079889715,2.02039384979168,1,1,1
1,368,0.803433260181919,5.75491511359058,1,1,1
1,369,0.151322338497266,0.389281732106484,0,0,0
1,370,0.592741044936702,5.12116660258668,1,1,0
1,371,0.151025820989162,-0.578365042808058,0,1,0
1,372,0.303158244816586,-0.922598683904833,0,1,0
1,373,0.962336184689775,1.47879906671022,1,1,0
1,374,0.57010172214359,2.73898306847346,1,1,0
1,375,0.158148881979287,2.65172203716783,0,1,0
1,376,0.767957185162231,3.72621542806771,1,1,0
1,377,0.802633506944403,4.83859229554518,1,1,0
1,378,0.0263362545520067,-1.1237998713146,0,0,0
1,379,0.977154459338635,6.76773722867561,1,1,1
1,380,0.619688204489648,4.19647492368777,1,1,0
1,381,0.257024787599221,1.55221381230845,0,1,0
1,382,0.628550033317879,2.2827804689453,0,1,1
1,383,0.147527982946485,-0.428158987078823,0,0,0
1,384,0.671111450530589,6.73272971019995,1,1,1
1,385,0.823881292482838,6.14089913198437,1,0,0
1,386,0.465786047047004,-0.681848003060442,0,0,0
1,387,0.0199567372910678,-1.1615167032135,0,0,0
1,388,0.688964375061914,-1.52225371724836,0,0,0
1,389,0.126850589411333,-1.5803433721614,0,0,0
1,390,0.716560137225315,3.87435593297255,0,1,0
1,391,0.676794772036374,4.24935608930984,1,1,0
1,392,0.117306824540719,-0.204936760361522,0,1,0
1,393,0.905443697236478,5.41459689906248,1,1,0
1,394,0.134333364665508,-4.49483561095706,0,1,0
1,395,0.959195297211409,4.72070299742551,1,1,0
1,396,0.258358989842236,2.82262669292723,0,1,0
1,397,0.436380052240565,3.97796703422875,1,1,0
1,398,0.301498300163075,2.40154457097188,0,0,0
1,399,0.217912411084399,1.30231529702785,0,1,1
1,400,0.526688806479797,0.509909182432483,0,0,0
1,401,0.111768114613369,2.53805362987215,0,0,0
1,402,0.0805142913013697,-2.54425880104844,0,0,0
1,403,0.4296032814309,-3.12345283769043,0,1,0
1,404,0.148042394313961,2.38351386418147,0,0,0
1,405,0.835504763061181,3.19485122359292,1,1,0
1,406,0.853556339163333,8.42358389515301,1,1,0
1,407,0.515744342468679,1.71097380092769,1,1,0
1,408,0.447722970508039,-0.0149229065774481,0,1,0
1,409,0.860265760216862,6.77348477459745,1,1,1
1,410,0.939798640552908,2.4470924850352,1,1,0
1,411,0.378690933343023,0.899400151657545,0,0,0
1,412,0.762871606275439,4.79440952034509,1,1,0
1,413,0.270349659956992,2.23352404844313,1,1,0
1,414,0.249456733930856,0.479470854592079,0,0,1
1,415,0.829418557463214,2.0095446095921,0,1,0
1,416,0.405410501873121,3.05678220268565,0,1,1
1,417,0.80185442045331,6.03994931853244,1,1,0
1,418,0.474774251691997,6.35751585357183,1,1,0
1,419,0.695373339345679,4.69487735631802,1,1,1
1,420,0.313606199109927,2.41760413394147,0,1,0
1,421,0.721516272053123,4.44698390125536,1,1,0
1,422,0.737791173858568,1.32090510060733,0,0,0
1,423,0.103976268088445,1.16657111114968,0,1,0
1,424,0.90478429174982,4.49794922639571,1,1,0
1,425,0.252581521403044,3.60246434580851,1,1,0
1,426,0.930368987377733,6.15549718001955,1,1,0
1,427,0.223897305782884,4.01683948104679,1,0,0
1,428,0.241294983075932,1.58909373665581,0,1,0
1,429,0.422680406598374,1.73352838181829,0,1,0
1,430,0.68467844533734,6.70990881057006,1,1,0
1,431,0.348706028889865,3.24364856349673,0,1,0
1,432,0.434103696374223,2.10997861073459,0,1,0
1,433,0.00554449344053864,0.986263433961771,0,1,0
1,434,0.103331099729985,1.20621231143102,0,1,1
1,435,0.203572022728622,1.62477419610211,0,1,0
1,436,0.203441705321893,2.20362182627331,0,1,0
1,437,0.240137767279521,-0.567943782107331,0,1,0
1,438,0.225964542012662,1.05125468731752,0,0,0
1,439,0.855982259148732,8.22405809744981,1,1,0
1,440,0.433157654479146,6.50987278656725,1,1,0
1,441,0.481792300473899,-0.518815369456839,0,0,0
1,442,0.852087789680809,4.17118384842766,1,1,1
1,443,0.728331329999492,2.90767007735254,0,1,0
1,444,0.903577853692695,4.23646900543788,1,1,0
1,445,0.949084541527554,3.43036499205059,1,1,0
1,446,0.958513692952693,5.97609183280856,1,1,0
1,447,0.0620520929805934,4.82761049871241,1,1,1
1,448,0.124625887488946,-0.323168631288422,0,0,0
1,449,0.753564519807696,3.79883359385738,1,1,0
1,450,0.0752496072091162,0.633105033501099,0,1,0
1,451,0.757253260351717,5.73176377981208,1,1,0
1,452,0.0154178987722844,-3.21596311292916,0,0,0
1,453,0.0364605074282736,-0.00377047681402901,0,1,0
1,454,0.807113546878099,7.68515771592991,1,1,0
1,455,0.592070119921118,1.37407106952841,0,1,0
1,456,0.164945614291355,1.64091738750209,0,1,0
1,457,0.127559900982305,-0.321857091409471,0,0,0
1,458,0.184802574105561,4.71364494953951,1,1,0
1,459,0.565718886908144,0.818855507252152,0,0,0
1,460,0.773379426216707,6.44826479515284,1,1,1
1,461,0.943031742936,6.44477969856425,1,1,0
1,462,0.646848047384992,10.1935963234343,1,1,0
1,463,0.380813807016239,2.22733705301998,0,1,0
1,464,0.974731504451483,9.52151822237172,1,1,0
1,465,0.104074548231438,-1.57382513766058,0,0,0
1,466,0.154543799581006,0.47571500956703,0,0,0
1,467,0.216309591196477,1.5710053016986,0,1,0
1,468,0.481115937232971,1.69128801196462,0,1,0
1,469,0.388734161388129,1.6989687735792,0,1,0
1,470,0.636023987317458,5.36765377326121,1,1,1
1,471,0.636177956359461,5.45767789602587,1,1,0
1,472,0.57371915015392,-0.865697359840916,0,0,0
1,473,0.485603385372087,-0.389379843020834,0,1,0
1,474,0.155134191736579,3.83544412412012,1,1,0
1,475,0.975879215402529,0.42565997418614,0,1,0
1,476,0.228011074708775,3.57477862792526,1,1,0
1,477,0.0290501008275896,3.63390565942828,0,1,0
1,478,0.26164292730391,0.98800863266497,0,1,0
1,479,0.196572356857359,4.32949741845152,1,1,0
1,480,0.215980642940849,1.99427642315346,0,1,0
1,481,0.27892415993847,2.34028089101483,1,1,0
1,482,0.804440899286419,1.70537302212587,0,1,0
1,483,0.767917088698596,8.0742874991916,1,1,0
1,484,0.23355391761288,1.72764743730705,0,1,0
1,485,0.127935685217381,2.86519665322849,1,1,0
1,486,0.373360114870593,2.19752122457548,0,1,1
1,487,0.476543969707564,0.366881830646365,0,1,0
1,488,0.232151115080342,-1.67648469462079,0,1,0
1,489,0.635681044775993,7.2407726506132,1,1,0
1,490,0.852498817490414,3.37969320703659,1,1,0
1,491,0.371244101319462,2.1135662776731,0,1,0
1,492,0.990249469876289,6.45011092771787,1,1,0
1,493,0.622332574333996,-2.34658239573319,0,0,0
1,494,0.829073610482737,5.59594236935858,1,1,0
1,495,0.405790478922427,4.47324407441992,1,1,0
1,496,0.08114950126037,0.574926432984956,0,1,0
1,497,0.944544351892546,7.61854632741966,1,0,0
1,498,0.988451254786924,3.52569015359853,0,1,0
1,499,0.0374088103417307,0.0390396808900696,0,1,0
1,500,0.767933204537258,0.75751446722095,1,0,0
1,501,0.968943938612938,5.06872850454654,1,1,0
1,502,0.703580166678876,4.16724912164131,1,1,0
1,503,0.18011997663416,0.72357612340237,0,0,0
1,504,0.14192129438743,2.25028263271366,0,1,0
1,505,0.42974676261656,-1.03557500509328,0,0,0
1,506,0.547633228590712,4.53417198820922,1,1,0
1,507,0.786309469956905,6.52397515792932,1,1,0
1,508,0.535861277021468,2.22982954862931,0,0,0
1,509,0.978661957429722,4.92714126135084,1,0,0
1,510,0.77521218219772,3.39076844163337,1,1,0
1,511,0.214518928900361,2.05836885066175,0,1,1
1,512,0.740372943226248,4.26153003262357,0,1,0
1,513,0.875457373447716,6.23513617305183,1,1,0
1,514,0.0101119501050562,1.52914664245573,0,1,0
1,515,0.344639829359949,4.11425842779993,0,0,0
1,516,0.448697624262422,3.51512645291514,1,0,0
1,517,0.218620643485337,3.47220937753899,1,1,0
1,518,0.646500716218725,4.05934296293035,0,1,0
1,519,0.715692408848554,5.68759520296269,1,1,0
1,520,0.488704299321398,1.72191560185927,1,1,0
1,521,0.350027392152697,1.3739244911342,0,1,0
1,522,0.840485148364678,6.23732492800835,1,1,0
1,523,0.47803373564966,3.37081366896145,0,1,0
1,524,0.253240721300244,0.527848872151764,0,0,0
1,525,0.599643148481846,5.77291149561151,1,1,0
1,526,0.536998494761065,2.72359586305505,0,1,0
1,527,0.669974648626521,1.87000415104364,1,1,1
1,528,0.0342336061876267,2.02363652145359,0,0,0
1,529,0.192913930863142,0.10379104889654,0,1,0
1,530,0.172584452433512,3.86583541754504,1,1,0
1,531,0.904846552526578,6.55908802949701,1,1,1
1,532,0.335952359251678,-1.65573607675051,0,1,0
1,533,0.897044584620744,3.62117947775454,1,1,0
1,534,0.447874012636021,2.39592010816696,1,1,0
1,535,0.132892524357885,0.0213002965219781,0,0,0
1,536,0.36579193896614,4.44813265830895,1,1,0
1,537,0.142175374086946,2.62354928279707,0,0,0
1,538,0.584095765603706,5.55334780635939,1,1,0
1,539,0.68230807245709,2.95129518571835,1,1,0
1,540,0.732084847055376,1.99275692347316,1,0,0
1,541,0.18235540878959,1.50672762914766,0,1,0
1,542,0.709517381852493,2.96149759632913,1,1,1
1,543,0.0701329614967108,-1.43723634134743,0,0,0
1,544,0.688655770616606,4.12604101980965,1,1,0
1,545,0.0066780170891434,-1.196359293601,0,0,0
1,546,0.153919136617333,3.17461070934836,1,1,0
1,547,0.769238280365244,4.236417977557,1,1,0
1,548,0.874790968606248,6.2196576406395,1,1,0
1,549,0.76178196631372,3.95564755644204,1,1,0
1,550,0.764984531328082,3.37574182713912,1,1,1
1,551,0.563051435165107,1.52522716802637,1,1,1
1,552,0.955869673285633,7.64284634979936,1,1,0
1,553,0.697164162294939,3.44083089603242,1,1,0
1,554,0.910709142917767,4.07152061616561,1,1,0
1,555,0.750421373406425,1.76263888877647,0,1,0
1,556,0.735365616390482,1.77099279577664,1,1,0
1,557,0.308682627277449,1.52787086154294,0,1,0
1,558,0.135276318527758,0.710792965350787,0,1,1
1,559,0.149202697444707,0.371776656935271,0,1,0
1,560,0.490030125249177,4.34725560395266,1,1,0
1,561,0.866427671629936,6.34345216314585,1,1,0
1,562,0.194491784088314,0.967919310315817,0,0,0
1,563,0.228890243917704,3.75583219496649,1,1,0
1,564,0.408411876298487,4.02911354416529,1,1,0
1,565,0.629774392815307,0.648716969121359,0,1,0
1,566,0.222146420041099,2.59502483766778,0,0,0
1,567,0.482754153897986,0.997382747029159,0,0,0
1,568,0.778851206647232,3.35746837984889,0,1,0
1,569,0.347847005352378,2.09731337770192,0,1,0
1,570,0.672880053985864,4.35404171138047,1,1,0
1,571,0.771018266212195,7.8648376646096,1,1,0
1,572,0.95076305908151,7.42293458479079,1,1,0
1,573,0.317532711196691,3.28895893939146,0,0,0
1,574,0.194928562967107,1.41374743876629,0,0,0
1,575,0.302951124729589,-0.214667979756696,0,1,0
1,576,0.0710766508709639,0.480985666075477,0,0,0
1,577,0.554728188551962,5.65686138217795,1,1,0
1,578,0.0013213106431067,-0.471530375925242,0,0,0
1,579,0.641035672510043,5.84931298336427,1,1,0
1,580,0.572305019944906,3.80505159503964,1,0,0
1,581,0.715170265408233,6.21335536986384,1,1,0
1,582,0.672185906441882,9.15816508832363,1,1,0
1,583,0.994204066926613,6.32913282530642,1,1,0
1,584,0.357215387746692,2.61290296289844,0,1,0
1,585,0.134755868231878,0.353292750782776,0,1,0
1,586,0.127299932297319,-2.7794477540043,0,1,0
1,587,0.709039819426835,2.61397391921721,0,1,0
1,588,0.728407714050263,5.37692856126985,1,1,0
1,589,0.100028129294515,1.984836165843,0,1,0
1,590,0.766877680085599,2.89658239970677,1,0,0
1,591,0.170995778869838,2.55128282235939,0,1,0
1,592,0.481894681928679,4.14484926156793,1,1,0
1,593,0.606430691899732,3.87001313138891,1,1,1
1,594,0.80361893796362,3.27721334125152,1,1,0
1,595,0.200373784406111,2.87451173202998,0,1,0
1,596,0.797735896194354,5.13392050702486,1,1,0
1,597,0.241640857653692,1.15207532917104,0,0,0
1,598,0.81606325134635,5.62684368741882,0,1,0
1,599,0.622185919899493,2.47415158368106,0,1,0
1,600,0.648441436234862,5.21694600457907,1,1,0
1,601,0.1875764161814,2.41682613215858,0,1,0
1,602,0.071083613904193,3.36458039438165,0,0,0
1,603,0.114626082591712,1.19674069743569,0,1,0
1,604,0.267068274319172,5.79434781710575,1,1,0
1,605,0.0436751337256283,0.544325865850163,0,1,0
1,606,0.310979651054367,3.73948939647457,1,1,0
1,607,0.21777883078903,3.27066480222165,0,1,0
1,608,0.368409030837938,3.55425565275357,1,0,0
1,609,0.43692133994773,3.64289503258923,0,1,0
1,610,0.552426231792197,1.20285658894001,0,1,0
1,611,0.701368746580556,4.22957820264138,1,1,0
1,612,0.806030619191006,6.85632278260962,1,1,0
1,613,0.807328868657351,8.36298471995936,1,1,0
1,614,0.959867665776983,8.35666048679652,1,1,0
1,615,0.313567556673661,3.09002524923517,0,1,0
1,616,0.771691407077014,2.51703852675079,1,1,0
1,617,0.333173066144809,5.12835657690375,1,1,0
1,618,0.0716123606543988,1.76944670222754,0,1,0
1,619,0.750319209881127,5.52728540138264,1,1,0
1,620,0.102209247881547,0.480179116254048,0,1,0
1,621,0.517501997994259,3.52849077766141,0,1,0
1,622,0.128302556928247,3.70183160624233,1,1,0
1,623,0.0659408285282552,-4.11733059853561,0,1,0
1,624,0.147131722187623,0.941090107848762,0,1,0
1,625,0.579802603228018,6.44016151141924,1,1,0
1,626,0.259037784067914,-1.62993731736891,0,0,0
1,627,0.0275285094976425,-1.36393423827808,0,0,0
1,628,0.936058166669682,3.59270661753929,1,0,0
1,629,0.60651122755371,2.25626275861005,0,1,0
1,630,0.452337763970718,4.89211181299582,1,1,0
1,631,0.692548463586718,1.42891218574518,0,1,0
1,632,0.41310028010048,5.2110945983817,1,1,0
1,633,0.584803370991722,3.52361929616574,1,1,0
1,634,0.0439871952403337,0.53781941898948,0,1,0
1,635,0.336147944908589,2.67619658772649,1,1,0
1,636,0.0698895547538996,-1.77271459772785,0,1,0
1,637,0.950360283255577,6.87084782190488,1,1,0
1,638,0.72700051474385,9.36770313450611,1,1,0
1,639,0.0141526106745005,-1.48723322034723,0,0,0
1,640,0.416713410289958,1.40733410830454,0,0,0
1,641,0.555729975225404,5.00119066687007,1,1,0
1,642,0.954162498703226,3.10018327656568,1,0,0
1,643,0.00309205683879554,-0.666843507687494,0,0,0
1,644,0.268896433524787,2.68639252982311,1,1,0
1,645,0.445004925364628,4.3263604832644,1,1,0
1,646,0.889666266273707,2.56150078295005,1,1,0
1,647,0.0143040516413748,-0.52607463674224,0,0,0
1,648,0.931558192940429,5.32811589404324,1,1,0
1,649,0.194704070454463,3.82510088515956,1,1,0
1,650,0.557170550338924,2.11230005060168,0,1,0
1,651,0.106912258546799,2.9702082622992,0,1,0
1,652,0.130351888947189,0.389576062853002,0,1,0
1,653,0.0812069997191429,1.09613477975047,0,1,1
1,654,0.586939186789095,3.50520624019287,1,1,0
1,655,0.503467523725703,3.52589157862959,1,1,0
1,656,0.848233634140342,3.81264280040544,1,1,1
1,657,0.98397414968349,6.6297333100983,1,1,1
1,658,0.292636120226234,-1.32952606398913,0,1,0
1,659,0.38547233119607,2.28244541407671,0,1,0
1,660,0.165888191666454,1.59021376931561,0,1,0
1,661,0.740206715883687,4.2656244785326,1,1,0
1,662,0.195684217847884,-3.11700736645195,0,0,0
1,663,0.843950390117243,6.35263402913336,1,1,0
1,664,0.69899142277427,5.41854891304167,1,1,0
1,665,0.683760053711012,5.31979414731341,1,1,0
1,666,0.87529975688085,7.57250285241825,1,1,0
1,667,0.80711701256223,4.98765317529273,1,1,1
1,668,0.761059269541875,5.07303778695908,1,1,0
1,669,0.070801489520818,3.17052711618328,0,0,0
1,670,0.715983095113188,3.52974031355524,0,0,0
1,671,0.75410322798416,4.78820757745615,1,1,0
1,672,0.487293812446296,4.65020945680127,1,1,0
1,673,0.344875911949202,5.21917039482422,1,1,0
1,674,0.790456939022988,1.63075813994637,0,0,0
1,675,0.316819694126025,-1.24238615319005,0,0,0
1,676,0.442815613001585,-1.43241769005021,0,0,0
1,677,0.928656374337152,3.40943802152011,1,1,0
1,678,0.341298593906686,4.725576583832,1,1,0
1,679,0.0127722180914134,0.749994758137444,0,1,0
1,680,0.184157399693504,0.944486809053796,0,0,0
1,681,0.318371596047655,3.56697453292411,0,1,0
1,682,0.870169413043186,7.0885779100794,1,1,0
1,683,0.349078278522938,3.05020386794725,0,1,0
1,684,0.652202969416976,4.43698184670083,1,1,1
1,685,0.752067722612992,4.66123799917458,1,1,0
1,686,0.65268657845445,2.93357159816351,0,1,0
1,687,0.131730003282428,0.409527834973446,0,0,1
1,688,0.478642429923639,-0.922608137957693,0,0,0
1,689,0.804623159347102,5.01503696923123,1,1,0
1,690,0.63236792315729,3.35977086977329,1,1,0
1,691,0.239621923770756,0.733315524136418,0,0,0
1,692,0.821235353359953,4.5371720396226,1,1,0
1,693,0.280782364076003,-2.0338103898809,0,1,0
1,694,0.984244598541409,6.12082892214424,1,1,0
1,695,0.408356601372361,3.08351795435592,0,1,0
1,696,0.0489577599801123,0.922201910138373,0,1,0
1,697,0.477594773285091,1.56796017089649,0,1,0
1,698,0.669233492109925,1.79899909197927,0,1,0
1,699,0.245372513541952,2.11543675683242,1,1,0
1,700,0.178922422230244,2.82004119324175,0,1,0
1,701,0.590686493553221,6.76340886202609,1,1,0
1,702,0.69414275768213,3.10707119273173,1,1,0
1,703,0.963729480747133,5.59560879174091,1,1,0
1,704,0.611278421944007,3.38482372318553,1,1,0
1,705,0.817399064544588,5.89198593016656,1,1,0
1,706,0.0386630038265139,1.60458221675221,0,1,1
1,707,0.34658086928539,-0.189104161760739,0,0,0
1,708,0.8166456122417,2.82103674776623,1,1,0
1,709,0.862971053924412,4.68155130158338,1,0,0
1,710,0.479781843256205,1.81529751049412,0,1,0
1,711,0.443100680597126,6.93820216034324,1,1,0
1,712,0.842301449971274,5.76764457997899,1,1,1
1,713,0.196969961980358,-1.15851584646842,0,1,0
1,714,0.322366934269667,1.43119919743046,0,1,0
1,715,0.378615079680458,-0.690163226393586,0,1,0
1,716,0.604786465875804,3.86675856573242,1,1,0
1,717,0.513206344563514,-0.0628747164462635,0,0,0
1,718,0.748071675887331,5.44237021146549,1,1,0
1,719,0.284181652590632,1.19746350050412,0,0,0
1,720,0.608063234016299,4.34110866850162,1,1,0
1,721,0.628735567908734,0.0566670063466326,0,0,0
1,722,0.94927618606016,4.04644998606448,1,1,0
1,723,0.202509752707556,-1.87870322369209,0,0,0
1,724,0.0811922184657305,-0.380735330622738,0,0,0
1,725,0.83116463618353,0.309880582167652,0,0,0
1,726,0.477822298649698,1.98816439239396,1,0,0
1,727,0.00767845986410975,0.0782244098012523,0,1,0
1,728,0.199600352207199,2.03105039573739,0,1,0
1,729,0.92874548654072,5.45614243266067,1,1,0
1,730,0.644359993515536,3.42279886685436,1,1,0
1,731,0.375862237997353,1.16903591505205,0,1,0
1,732,0.638087725732476,3.30265857286582,0,1,0
1,733,0.00155469868332148,-1.596349037532,0,1,0
1,734,0.765929783694446,3.21968017758852,0,1,1
1,735,0.376538312761113,5.33211872943866,1,1,0
1,736,0.087546746712178,2.54385295894514,0,1,0
1,737,0.167046989547089,-0.857431050764908,0,0,0
1,738,0.331160808214918,-0.0252698706233123,0,1,0
1,739,0.463708595372736,1.49039185417058,1,0,0
1,740,0.897876414470375,3.95931283262081,0,1,0
1,741,0.465427148388699,1.63004272007426,0,1,0
1,742,0.782444786978886,3.53281556982891,1,0,0
1,743,0.637577978428453,4.3324675116039,1,1,0
1,744,0.609871857101098,5.03976465640555,1,1,0
1,745,0.0698006867896765,2.19723955894751,0,1,0
1,746,0.509678229223937,1.62100391036365,0,0,0
1,747,0.0942435436882079,2.85404683809191,0,1,1
1,748,0.285923511255533,0.216108959757833,0,0,0
1,749,0.85707370005548,9.30409524179962,1,1,0
1,750,0.970676194410771,4.08348798247574,1,1,0
1,751,0.305126095423475,0.905622868027333,0,0,0
1,752,0.719637936679646,6.52677993555092,1,1,0
1,753,0.744990123203024,2.25304087520103,0,1,0
1,754,0.306448025628924,1.27794363630617,0,1,0
1,755,0.13946440233849,1.13556531828689,0,1,0
1,756,0.400949826231226,5.1705335292696,1,1,0
1,757,0.0403767176903784,-0.988941122696935,0,0,0
1,758,0.835247372742742,2.28766394797041,1,1,1
1,759,0.0303676470648497,-2.7990289050281,0,0,0
1,760,0.97431081533432,3.43412235715176,1,1,0
1,761,0.602339290780947,3.2973432536351,1,1,0
1,762,0.160264074103907,1.96380845986515,0,1,1
1,763,0.761067737359554,5.626329777218,1,1,0
1,764,0.383441786747426,3.21087355867426,1,1,0
1,765,0.258684175089002,4.76096787947972,1,1,0
1,766,0.316838698927313,0.525398373639808,0,1,0
1,767,0.979830351192504,4.05660194650206,1,1,0
1,768,0.351556266890839,1.35858765529126,0,0,0
1,769,0.374733967008069,1.98486562045617,0,1,0
1,770,0.84415300632827,8.05265811702839,1,1,0
1,771,0.200095404172316,2.35311301111364,0,1,1
1,772,0.231831437442452,1.55726892059814,0,1,0
1,773,0.390370449749753,0.805110352308843,0,1,0
1,774,0.627601191634312,2.10265624307171,0,1,0
1,775,0.653398119844496,2.78607310221327,1,1,0
1,776,0.688360031228513,3.10709763440003,1,0,0
1,777,0.435122572118416,3.62991573572728,0,1,0
1,778,0.303098322823644,6.18525947025905,1,1,0
1,779,0.562339712167159,1.45611728461821,0,1,0
1,780,0.233014293946326,-0.423539233274588,0,1,0
1,781,0.590101544745266,3.35882539528796,0,0,0
1,782,0.0320960632525384,0.303544328935665,0,1,0
1,783,0.355945497285575,5.50926285266583,1,0,0
1,784,0.745812620734796,5.47848751740706,1,1,0
1,785,0.46087250369601,0.914693743083821,0,1,0
1,786,0.346392643405125,3.42005921770443,0,1,0
1,787,0.322893159464002,1.67595273128407,1,1,0
1,788,0.891464344458655,4.47309852214503,0,1,0
1,789,0.764519802527502,7.56886720994706,1,1,0
1,790,0.189347309060395,4.7557368365543,1,1,0
1,791,0.0749635086394846,-2.3472850645895,0,0,0
1,792,0.589379553450271,4.72159770879113,1,1,0
1,793,0.461471208604053,1.32902444261902,0,1,0
1,794,0.200992265716195,2.41205427369695,0,1,0
1,795,0.0851089658681303,-0.114618453672916,0,0,0
1,796,0.885669434443116,7.08720937266028,1,1,0
1,797,0.428691711975262,5.02111911588712,1,1,0
1,798,0.88016390055418,3.49231713607552,1,1,0
1,799,0.0793508011847734,2.08245461693804,0,1,0
1,800,0.63414425146766,-2.34218995326218,0,1,0
1,801,0.719133770791814,3.48363743101201,1,1,0
1,802,0.109814966330305,1.19969758119411,0,0,0
1,803,0.195048715220764,2.46114848293739,0,1,0
1,804,0.487042343476787,5.95569608782587,1,1,0
1,805,0.881501803873107,2.77639223959539,1,1,1
1,806,0.470553945982829,3.17506991601426,1,1,0
1,807,0.238991136429831,-0.807446006625517,0,0,0
1,808,0.816720678005368,4.42992182068013,1,1,0
1,809,0.606070380425081,1.70558510155707,1,0,0
1,810,0.157009018352255,-0.495781737580592,0,0,0
1,811,0.280488416785374,0.0339089494247109,0,0,1
1,812,0.801765576936305,3.80323556236108,1,1,1
1,813,0.971430712845176,5.4012579901645,1,1,0
1,814,0.730522008612752,3.818922267761,1,1,0
1,815,0.570126836420968,1.98908700248286,0,0,0
1,816,0.171751602552831,-3.64356065370019,0,0,0
1,817,0.589559864019975,3.6035559297567,0,1,0
1,818,0.143321662209928,4.98915816467063,1,1,0
1,819,0.108500700909644,-1.65866518494229,0,1,0
1,820,0.28667137818411,5.27685793930353,1,1,0
1,821,0.996487897820771,4.17094020609279,1,1,0
1,822,0.548134536016732,2.98434752411348,1,0,0
1,823,0.168417000677437,-0.649177127559249,0,1,0
1,824,0.400951535906643,1.50790013414148,0,0,1
1,825,0.0832886083517224,2.16062263781406,0,1,0
1,826,0.309101606719196,-0.69997999888355,0,1,0
1,827,0.628292065812275,2.09329156339256,0,1,0
1,828,0.0895274602808058,1.22721090361566,0,1,0
1,829,0.566000625491142,3.11241032705753,0,1,0
1,830,0.983538459520787,9.44531117664943,1,1,0
1,831,0.414784476393834,3.97076191763884,1,1,0
1,832,0.190601893234998,-0.0596143792624415,0,1,0
1,833,0.679461279883981,-0.207427391679694,0,0,0
1,834,0.906156482174993,4.53043942367811,1,1,0
1,835,0.0323828866239637,2.10922538503968,0,1,0
1,836,0.446848279098049,0.94758698240269,0,0,0
1,837,0.585450797574595,2.08785642270528,0,1,0
1,838,0.481892122887075,0.00696254310683608,0,1,0
1,839,0.119185936637223,0.247989090426379,0,1,0
1,840,0.543216573540121,1.53975506423383,0,1,0
1,841,0.85601521609351,4.84485731285552,1,0,0
1,842,0.0520470356568694,-2.79446299535435,0,0,0
1,843,0.556729084579274,7.76256480093876,1,1,0
1,844,0.746570109855384,5.48476866041702,1,1,0
1,845,0.0392084242776036,2.99052937821483,0,1,0
1,846,0.387439682381228,3.48573801823271,0,1,0
1,847,0.429129790980369,5.83396389586348,1,1,0
1,848,0.3689358625561,2.95048395382319,1,1,0
1,849,0.817704168148339,2.27068371168857,1,1,0
1,850,0.543951256666332,-0.398764584624398,1,1,0
1,851,0.0236499542370439,-3.11960543810005,0,0,0
1,852,0.650952221360058,1.53678704188744,1,1,0
1,853,0.785648857010528,5.3021078394525,1,1,0
1,854,0.983932088362053,5.54479120117314,1,1,0
1,855,0.294405936496332,1.07476892056891,0,1,0
1,856,0.35916206962429,0.200779794131584,0,1,0
1,857,0.43623494473286,3.70416709191846,1,1,0
1,858,0.571954478742555,-0.484959071720135,0,0,0
1,859,0.309910835698247,1.00694250761549,0,1,0
1,860,0.0147890592925251,-1.77892390546257,0,0,1
1,861,0.185146313626319,0.113227006377997,0,0,0
1,862,0.399417541222647,2.34074165379716,0,0,0
1,863,0.164950182894245,-0.124291878897665,0,1,0
1,864,0.167534478008747,2.47240719509424,0,1,0
1,865,0.936787337763235,6.17079190522945,1,1,0
1,866,0.118670718744397,1.42770493713554,0,1,0
1,867,0.190116536337882,-1.40930035203227,0,0,0
1,868,0.447061873739585,4.0024689306412,1,1,0
1,869,0.710570650873706,4.02473838462769,1,1,0
1,870,0.806668748147786,6.77606658746173,1,1,0
1,871,0.933569427346811,3.58840013514744,1,0,0
1,872,0.67709902767092,3.70818025123808,1,0,0
1,873,0.00810296786949039,-1.74755299203881,0,1,0
1,874,0.321176449069753,3.91742117715131,1,1,0
1,875,0.173054513288662,1.84168184432406,0,1,0
1,876,0.558442411478609,0.303727092035564,0,1,0
1,877,0.753875986905769,5.42505479034546,1,1,0
1,878,0.806005683960393,8.1663275007302,1,1,0
1,879,0.565532726235688,2.94767732715464,1,0,0
1,880,0.95668377308175,5.53274814165284,1,1,0
1,881,0.970189296407625,7.55015161145271,1,1,1
1,882,0.446483545936644,1.48042023369527,0,1,0
1,883,0.824258742388338,6.08925277879247,1,1,1
1,884,0.772694650106132,4.52435640420055,1,1,0
1,885,0.596119238529354,4.92214702358976,1,0,0
1,886,0.091980597237125,1.78616401466968,0,1,0
1,887,0.468241993803531,3.08036897107116,1,1,0
1,888,0.861489311791956,4.72608646426503,1,1,0
1,889,0.107261297991499,-3.36125284338301,0,1,0
1,890,0.224940925836563,2.29721839238652,0,1,0
1,891,0.924362417077646,7.54385696203253,1,1,0
1,892,0.328402923420072,0.612835074230501,0,1,0
1,893,0.750414288137108,3.14155765812922,1,1,0
1,894,0.766136952675879,5.06573521293146,0,1,0
1,895,0.32582805911079,3.40960916894174,1,1,0
1,896,0.302756195189431,2.07635022061556,0,1,0
1,897,0.411414614645764,3.69742043963114,0,1,0
1,898,0.0657864683307707,3.47342737480047,0,1,0
1,899,0.160054487176239,-1.46266989236931,0,1,0
1,900,0.798915747087449,4.65179171868733,1,1,0
1,901,0.362783125601709,2.98911382856106,1,0,0
1,902,0.529346800176427,3.31006214293419,1,1,0
1,903,0.796056313673034,6.97398132688698,1,1,0
1,904,0.838028838858008,7.04460037465344,1,1,0
1,905,0.688641386339441,7.83299900903666,1,1,0
1,906,0.0244258616585284,1.85970343182013,0,0,0
1,907,0.170789467170835,-0.472148136508305,0,1,0
1,908,0.0438096958678216,2.74336402160261,1,1,0
1,909,0.49511730321683,5.61419216643016,1,1,0
1,910,0.0888536656275392,-2.38369793719741,0,0,0
1,911,0.876443173736334,6.99054584387782,1,1,0
1,912,0.53273594379425,3.44556168856731,1,1,0
1,913,0.0383513600099832,3.2218688555866,0,1,0
1,914,0.277785814134404,0.204532059438953,0,1,0
1,915,0.885485007660463,3.81469157352987,1,1,0
1,916,0.437632981920615,3.04768536088241,1,0,0
1,917,0.321453428827226,3.02455071939478,0,1,0
1,918,0.156532266177237,-0.259021494647616,0,1,0
1,919,0.0608221536967903,-0.76367650403563,0,0,0
1,920,0.671472722431645,4.01805300023409,0,1,0
1,921,0.535084829898551,-0.413527945258316,0,0,1
1,922,0.530657246010378,4.38663984682796,1,1,0
1,923,0.948837165953591,7.14723993757887,1,1,0
1,924,0.96502277138643,5.1562016388301,1,1,0
1,925,0.456528303213418,-0.234808479590579,0,1,0
1,926,0.482393102021888,1.39677828030479,0,1,0
1,927,0.296208108309656,0.753512162137829,0,1,0
1,928,0.561640163650736,2.66156537092935,1,1,0
1,929,0.400142092257738,3.99484282346265,0,1,0
1,930,0.443258059443906,1.32715144967754,0,1,0
1,931,0.223953721113503,3.51919839424304,0,1,0
1,932,0.45394414383918,5.44041320919761,1,0,0
1,933,0.350475050043315,1.82046350108729,0,1,0
1,934,0.593023439869285,3.49258318270081,1,1,0
1,935,0.0306955873966217,1.67334893195167,0,0,0
1,936,0.230772378388792,2.13020684579467,0,1,0
1,937,0.879682852653787,7.05197740029397,1,1,0
1,938,0.0942235789261758,-3.66980766754823,0,0,0
1,939,0.887310548685491,5.55896724232633,1,1,0
1,940,0.349338030908257,0.829705793037024,0,1,0
1,941,0.146590619115159,-0.117762088717508,0,1,0
1,942,0.667879421031103,4.10871404878827,1,1,0
1,943,0.667867941083387,3.07842191915088,1,1,0
1,944,0.600077236071229,3.96610124986676,0,1,0
1,945,0.53198529407382,4.82751532683392,1,1,0
1,946,0.954273483715951,4.12318544406589,1,1,0
1,947,0.68732749321498,2.70426214555124,0,1,0
1,948,0.340283066732809,2.3636617140463,1,1,0
1,949,0.701737821102142,5.48658916554706,1,1,0
1,950,0.319145660614595,5.21202651271903,1,1,0
1,951,0.515403484692797,1.82149379296461,0,0,0
1,952,0.454819282982498,0.0918412514875171,0,0,0
1,953,0.663538610329852,2.97901734190135,1,1,0
1,954,0.726387989008799,6.08388360061146,1,1,0
1,955,0.224191174143925,-0.821670744556739,0,0,0
1,956,0.955082555301487,5.56280552722354,1,1,0
1,957,0.0449706786312163,-1.33518724655677,0,0,0
1,958,0.193071787478402,1.23993348325312,1,0,0
1,959,0.192889712750912,1.79099292694086,0,1,0
1,960,0.111709186574444,-2.6674268391332,0,0,0
1,961,0.824303380679339,3.59424485214829,0,1,0
1,962,0.944798274897039,1.27510382467755,0,1,0
1,963,0.377746591810137,3.66437613083749,0,1,0
1,964,0.525638321880251,2.33619020988184,0,0,0
1,965,0.105035746702924,-0.151006651075544,0,1,0
1,966,0.852655483176932,4.12210691125511,1,1,0
1,967,0.99855404230766,4.35649401013367,1,1,0
1,968,0.781821903772652,5.45755306866887,1,1,0
1,969,0.204258827026933,1.35498068003441,0,0,0
1,970,0.0767932902090251,2.6675452841101,0,1,0
1,971,0.778247984591872,6.34841008828902,1,1,0
1,972,0.140630057314411,-0.704539856701105,0,1,0
1,973,0.269741511670873,4.04487440010118,1,1,0
1,974,0.35044096596539,5.06271358387273,1,1,0
1,975,0.85992544516921,5.99251050000565,1,1,0
1,976,0.394771491643041,-1.21515853570332,0,1,0
1,977,0.105807454325259,1.16927297596354,0,1,0
1,978,0.34163851570338,0.409219154416233,0,0,0
1,979,0.988358376082033,3.99478428349499,1,1,0
1,980,0.27552947611548,1.34324156184422,0,0,0
1,981,0.494926019338891,2.91213182714105,1,1,0
1,982,0.852913019945845,6.21533247997595,1,1,0
1,983,0.0184828985948116,-0.765821027827997,0,0,0
1,984,0.661997931310907,6.33338579050007,1,1,0
1,985,0.36470325361006,2.19651671569812,0,0,0
1,986,0.99690889660269,2.36099170888711,1,1,0
1,987,0.316766008269042,-0.312941893290874,0,0,0
1,988,0.543919596588239,6.48845255466827,1,1,0
1,989,0.415218210080639,0.82314174354697,0,1,0
1,990,0.961709406459704,7.04832232259623,1,1,0
1,991,0.0645682686008513,0.165054781580589,0,1,0
1,992,0.0116577269509435,-2.44976030801439,0,0,0
1,993,0.0162487227935344,-1.95516821065513,0,0,1
1,994,0.0890118610113859,3.08594251495241,0,0,0
1,995,0.840170057024807,7.39932297168142,1,1,0
1,996,0.0702206399291754,-0.589660496319819,0,1,0
1,997,0.28220712649636,2.65202408743122,0,1,0
1,998,0.120962500339374,-1.04886492069625,0,0,0
1,999,0.516852022381499,5.33521459762102,1,1,0
1,1000,0.835935339098796,0.691125897167761,1,1,1
0,1001,0.182301810476929,1.62429864410188,0,0,0
0,1002,0.934713749447837,4.16873693556988,0,0,0
0,1003,0.77354584261775,5.00419369427526,1,1,0
0,1004,0.572841977700591,6.8189422549243,1,1,1
0,1005,0.186339333420619,3.49687583573608,0,0,0
0,1006,0.612561106681824,5.82633963154403,1,0,0
0,1007,0.275925508700311,2.61916437507937,1,0,0
0,1008,0.663550531025976,2.0663478473408,1,0,0
0,1009,0.973161363275722,8.30469336475753,1,1,1
0,1010,0.469690115889534,5.09190807326748,1,0,0
0,1011,0.887657581130043,4.26352341613874,1,0,0
0,1012,0.230235077440739,0.779554184858024,0,0,0
0,1013,0.0413508759811521,-1.74902253902915,0,0,0
0,1014,0.406724434345961,0.395869831738791,0,0,0
0,1015,0.518858066527173,1.18141384506907,0,0,0
0,1016,0.749034318607301,6.44544066892321,1,1,0
0,1017,0.190961746266112,1.50829050417831,0,1,0
0,1018,0.358824665425345,5.54137665565854,1,1,0
0,1019,0.103346006944776,-1.46100941524574,0,0,0
0,1020,0.340675012208521,2.63141359694544,0,1,0
0,1021,0.701297946507111,3.02612061569164,1,0,0
0,1022,0.695118462666869,3.06123237794424,1,0,0
0,1023,0.273773685796186,0.58996953713406,0,0,0
0,1024,0.757134560961276,5.80615183061758,1,1,0
0,1025,0.103819360258058,4.07241618898091,1,1,0
0,1026,0.819570152787492,6.22653276154482,1,1,0
0,1027,0.510100179584697,3.66394606127279,0,0,0
0,1028,0.0792872216552496,-0.156851187174479,0,0,0
0,1029,0.582605066942051,4.15300736649269,1,1,0
0,1030,0.494793142657727,4.7787406172339,1,0,0
0,1031,0.596216895850375,6.09879174318039,1,1,0
0,1032,0.805869418662041,3.81913819153573,1,1,0
0,1033,0.00502683548256755,-1.1016454050697,0,0,0
0,1034,0.917202656855807,6.10005344133359,1,0,0
0,1035,0.0993790805805475,2.69181228337488,0,1,0
0,1036,0.338628000812605,-2.38690366304762,0,0,0
0,1037,0.560791723895818,5.02635941609295,1,1,0
0,1038,0.748192613013089,4.23551575978154,1,0,0
0,1039,0.156122781569138,2.23876933172958,0,0,0
0,1040,0.986573316389695,9.23396258780422,1,0,0
0,1041,0.737356805475429,5.14530647533725,1,1,0
0,1042,0.0335915812756866,0.540313696072545,0,0,0
0,1043,0.255770530318841,3.24506485327962,1,0,0
0,1044,0.175103235524148,0.330703305313962,0,0,0
0,1045,0.142563621513546,-0.0607518403631545,0,0,0
0,1046,0.60888106143102,3.31127835948499,0,0,0
0,1047,0.00599531806074083,-3.43340134562593,0,0,0
0,1048,0.794316947460175,6.91944609993311,1,1,0
0,1049,0.225707431789488,3.23639683899236,0,0,0
0,1050,0.420215435093269,6.02085372356605,1,0,0
0,1051,0.235723440069705,2.61869887287357,0,0,0
0,1052,0.771663824794814,6.17759523752816,1,0,0
0,1053,0.280022747116163,2.92188910222216,0,0,0
0,1054,0.597594575956464,2.44257932356578,1,0,0
0,1055,0.348799970932305,4.40130048001701,1,0,0
0,1056,0.68968403711915,3.72019518300619,1,0,0
0,1057,0.156571248080581,0.221169674319847,0,0,0
0,1058,0.338559702737257,1.36405071505461,0,0,0
0,1059,0.506883471738547,-0.85072170053425,0,0,1
0,1060,0.346693616593257,3.62071577147155,1,0,0
0,1061,0.081310891546309,-2.20437463257418,0,0,0
0,1062,0.510389582952484,3.13201006430538,1,1,0
0,1063,0.872645467286929,6.48431632015976,1,0,0
0,1064,0.586267659440637,4.7110270824535,1,0,0
0,1065,0.831595187308267,7.43930559928643,1,0,0
0,1066,0.1572741412092,1.93608570465682,1,0,0
0,1067,0.626857217401266,5.18939287958122,1,0,0
0,1068,0.320188016397879,5.68545966383291,1,0,1
0,1069,0.290676201228052,-0.445314552587423,0,0,0
0,1070,0.863366652978584,10.2867265839681,1,0,0
0,1071,0.521641125204042,3.8364142328013,1,0,1
0,1072,0.928144029574469,7.83746937592858,1,0,0
0,1073,0.83293262636289,6.06206841222801,1,0,0
0,1074,0.726573381340131,4.60764368421876,1,0,0
0,1075,0.351016839267686,-2.75695785327224,0,0,0
0,1076,0.238233181415126,2.71723272102062,1,0,0
0,1077,0.112467663129792,2.05481394998347,0,0,0
0,1078,0.889367803465575,5.63132750203926,1,1,0
0,1079,0.422746220603585,1.33039548970016,0,0,0
0,1080,0.738433580147102,4.3689018977829,1,0,0
0,1081,0.98304155934602,6.91032170056584,1,1,0
0,1082,0.974344374844804,8.54814512751486,1,1,0
0,1083,0.429111289326102,6.70570305787776,1,1,0
0,1084,0.904196289135143,4.25258118309181,1,0,0
0,1085,0.515250516822562,6.07845703798065,1,0,0
0,1086,0.00841736001893878,-3.0756987062105,0,0,0
0,1087,0.701602702494711,4.14388796002152,1,0,0
0,1088,0.941857684403658,9.87170545842481,1,1,0
0,1089,0.379983376245946,2.4468171522994,0,1,0
0,1090,0.192858279915527,3.08691338219943,0,0,0
0,1091,0.783508485648781,3.60492487439442,0,0,0
0,1092,0.699120517121628,4.11719251167259,1,0,0
0,1093,0.886222773464397,2.88718998337682,0,0,0
0,1094,0.096602760720998,2.22896783974838,0,0,0
0,1095,0.712030060589314,6.48365708286878,1,1,0
0,1096,0.345407255226746,2.69991634503289,0,0,0
0,1097,0.36921487795189,2.28774912867591,0,1,0
0,1098,0.778074203757569,4.68670582044552,1,0,0
0,1099,0.170963777694851,1.86961652480746,0,0,0
0,1100,0.9412274309434,7.13539297563368,1,1,0
0,1101,0.354167906334624,1.98187793860567,0,0,0
0,1102,0.969357549678534,4.27717050467351,1,0,0
0,1103,0.61943400837481,6.69599220895961,1,0,0
0,1104,0.079984869575128,-3.13656583990758,0,0,0
0,1105,0.647799402941018,7.16603191824357,1,0,0
0,1106,0.334314912557602,1.93114226038172,0,0,0
0,1107,0.501066864700988,1.66677118108363,0,0,0
0,1108,0.9960649125278,2.36600374545111,0,0,0
0,1109,0.71847359649837,4.93694250318193,1,0,0
0,1110,0.320708149811253,0.142667640641347,0,0,0
0,1111,0.0561960421036929,1.67364013879057,0,0,0
0,1112,0.50913711427711,2.85391481625678,0,0,0
0,1113,0.560710017336532,0.629175228761996,0,0,0
0,1114,0.879476038506255,3.44461096467667,1,0,0
0,1115,0.135361781110987,-0.582068082687443,0,0,0
0,1116,0.213387571973726,1.20690607751877,0,0,0
0,1117,0.986698449589312,10.4344447665095,1,1,0
0,1118,0.417500298004597,2.7851970666949,1,0,0
0,1119,0.197854204569012,1.49902145496605,0,1,0
0,1120,0.969230879563838,6.55510139752134,1,1,0
0,1121,0.546315042767674,4.47558808336547,1,0,1
0,1122,0.297329835826531,1.89617933907391,0,0,0
0,1123,0.018907385179773,4.05472727787878,0,0,0
0,1124,0.604799561435357,4.63504077946632,1,0,0
0,1125,0.211679932195693,4.50040152901243,1,0,0
0,1126,0.659362172707915,3.43079711314846,1,0,0
0,1127,0.585241530556232,2.08711316658701,1,0,1
0,1128,0.899178126594052,3.41799874147491,1,1,0
0,1129,0.856670669512823,6.02537133502826,1,0,0
0,1130,0.708131801104173,3.60453348385349,1,1,0
0,1131,0.528245434630662,2.00467352502878,0,0,0
0,1132,0.963153348769993,7.34837285375825,1,1,0
0,1133,0.455527435755357,3.59737360106328,1,0,0
0,1134,0.0748790167272091,-0.648976648226979,0,0,0
0,1135,0.77145564253442,3.86199699691142,1,0,0
0,1136,0.191186804324389,0.28148357629372,0,0,0
0,1137,0.0591234818566591,5.36827595290296,1,0,0
0,1138,0.805688042426482,5.28200808204042,1,0,0
0,1139,0.93038469622843,3.67866860238956,1,1,0
0,1140,0.0401589176617563,2.48973099369304,0,0,0
0,1141,0.0286979211959988,-1.61941059400193,0,0,0
0,1142,0.599864771356806,5.00815277082461,1,0,0
0,1143,0.322171491105109,1.76572596775053,0,0,0
0,1144,0.416393465129659,3.2237464259691,1,0,0
0,1145,0.360469139413908,1.18037135431493,1,0,1
0,1146,0.297477284213528,5.27638673180512,1,0,0
0,1147,0.679057162255049,1.61299225455279,0,0,0
0,1148,0.661408417858183,5.42276657716761,1,1,0
0,1149,0.531021330039948,7.15192303071431,1,1,0
0,1150,0.60619243234396,4.40683643183291,1,0,0
0,1151,0.97941361553967,10.75789068671,1,1,0
0,1152,0.407044955762103,1.83485325057752,1,0,0
0,1153,0.11629341263324,1.96506499580904,0,0,0
0,1154,0.604749405058101,6.80885388128812,1,0,0
0,1155,0.678416383685544,2.60425364738133,0,0,0
0,1156,0.344613925088197,1.16479804560113,0,0,0
0,1157,0.406797455623746,1.80364818054267,0,0,0
0,1158,0.140369015047327,-0.493273966894383,0,0,0
0,1159,0.453472953755409,6.38741648251479,1,0,0
0,1160,0.0222868423443288,0.574294538918594,0,0,0
0,1161,0.539853863185272,4.91483151808386,1,1,0
0,1162,0.567990888142958,-0.0728003752092112,0,0,0
0,1163,0.486882782541215,2.80111419492982,0,0,0
0,1164,0.705460737459362,2.92124795786556,1,0,0
0,1165,0.68717866553925,4.32225711722004,1,0,0
0,1166,0.358992340741679,-1.23649186225657,0,0,0
0,1167,0.961073221871629,3.05414961286374,1,0,0
0,1168,0.688795839203522,3.03514660828767,1,0,0
0,1169,0.873149903956801,3.69918982427021,1,0,0
0,1170,0.321099602151662,2.53495367796396,0,0,0
0,1171,0.608802166068926,5.24157346719824,1,0,0
0,1172,0.934028782881796,5.6571268239622,1,0,0
0,1173,0.392097404692322,2.08510225794153,0,0,0
0,1174,0.520101853180677,1.11119192460609,0,0,0
0,1175,0.0786461781244725,-1.38192013005112,0,0,0
0,1176,0.966256716521457,2.60614722498042,1,1,0
0,1177,0.381868341472,2.44834658035057,1,0,0
0,1178,0.0242335293442011,2.99655416903089,1,0,0
0,1179,0.836325995158404,5.08180017089855,1,0,0
0,1180,0.896867785369977,7.37568214901233,1,0,0
0,1181,0.403627364197746,4.08575151966487,1,0,0
0,1182,0.390533134806901,-0.559394776167011,0,0,0
0,1183,0.18779634963721,-1.9471033427344,0,0,0
0,1184,0.841200862778351,4.06743457561412,1,0,0
0,1185,0.415852745762095,1.7325033382434,0,0,0
0,1186,0.420313230715692,4.04586392482458,1,1,0
0,1187,0.261312245391309,1.17933016066854,0,0,0
0,1188,0.72676014364697,0.974944511553347,0,1,0
0,1189,0.620049755088985,4.56367573679992,1,0,0
0,1190,0.512075226055458,4.45193900958449,1,0,0
0,1191,0.915168093051761,3.75987013195433,1,0,0
0,1192,0.260998211568221,3.87217012254508,0,0,0
0,1193,0.726981617510319,5.68560105445109,1,0,0
0,1194,0.860616051591933,4.48579008846386,1,0,0
0,1195,0.98921157931909,6.24296187724768,1,1,0
0,1196,0.26042886916548,1.10792871641799,0,0,0
0,1197,0.962196132866666,6.30145345367685,1,1,0
0,1198,0.452214830787852,3.24288695705539,1,0,0
0,1199,0.76066173077561,7.40748888370478,1,1,1
0,1200,0.689985145116225,4.49381555006873,1,0,0
0,1201,0.940619200002402,3.31988257515978,1,0,0
0,1202,0.861823850777,2.60026063744091,1,0,0
0,1203,0.0932251727208495,-2.97795457939678,0,0,0
0,1204,0.908281817100942,4.79327704294376,1,0,0
0,1205,0.887234339257702,7.64222425965339,1,0,1
0,1206,0.166007250314578,3.21589940686572,0,0,0
0,1207,0.648031760938466,1.77944555573864,0,0,0
0,1208,0.544201235519722,2.48725203320828,0,0,0
0,1209,0.124418391147628,0.177613949042954,0,0,0
0,1210,0.212856279220432,2.91868171311372,0,1,0
0,1211,0.505560040008277,-0.150857095673104,0,0,0
0,1212,0.434856523294002,6.27224204674908,1,1,0
0,1213,0.526538127334788,2.86849539855249,1,0,0
0,1214,0.323575512738898,5.08002191727089,1,1,1
0,1215,0.451733680441976,5.07966906954721,1,1,0
0,1216,0.765099323587492,3.18102899764895,1,0,0
0,1217,0.460322544910014,3.96145997937668,0,0,0
0,1218,0.803010804578662,5.47368884923376,1,1,0
0,1219,0.257537262281403,1.4725335051303,1,0,0
0,1220,0.519297098275274,5.81925040351176,1,0,0
0,1221,0.812468925490975,1.85686599269226,1,0,0
0,1222,0.85831661731936,5.15265525547555,1,1,0
0,1223,0.251150174066424,1.78520832225901,0,0,0
0,1224,0.538264556322247,3.84641754061589,1,0,0
0,1225,0.246063305297866,0.289606160402212,0,0,0
0,1226,0.372678795596585,-1.47685733231061,0,0,0
0,1227,0.201142969308421,0.787869782910337,0,0,0
0,1228,0.560920629417524,4.36726921051757,1,0,0
0,1229,0.554751142160967,3.40051176616614,0,0,0
0,1230,0.320997256785631,2.52404323657406,0,0,0
0,1231,0.759621632285416,4.57847786605225,1,0,0
0,1232,0.368659562198445,2.83651841749997,0,0,0
0,1233,0.246920483885333,0.0234481440915348,0,0,0
0,1234,0.41452921484597,0.722186620838493,0,0,1
0,1235,0.802807334577665,7.09395358494971,1,1,0
0,1236,0.381289465818554,3.04246464971118,0,1,0
0,1237,0.992842364590615,5.7431132655828,1,0,0
0,1238,0.178756289882585,1.92786531135966,0,1,0
0,1239,0.528115282999352,3.45315708028607,0,0,0
0,1240,0.184368983143941,-2.24748282019509,0,0,0
0,1241,0.126362510025501,2.76553356800971,0,0,0
0,1242,0.680379026569426,4.60070728109103,1,1,0
0,1243,0.395204356871545,2.34467559877892,0,0,0
0,1244,0.171257997164503,1.76811733716675,0,0,0
0,1245,0.78750596079044,6.77279752267437,1,0,0
0,1246,0.386968027567491,1.14212264734994,0,0,0
0,1247,0.956169053679332,7.00110046309048,1,0,0
0,1248,0.410406122915447,1.15195774610291,0,0,0
0,1249,0.225387965328991,1.90601868270956,0,0,0
0,1250,0.497741502011195,5.67210894507934,1,0,1
0,1251,0.346559074707329,3.21834458198787,0,0,0
0,1252,0.585827802307904,-0.613927093823635,0,0,0
0,1253,0.199135534930974,-0.721382492177758,0,0,0
0,1254,0.178502711234614,1.19180276071176,0,0,0
0,1255,0.973813537042588,7.2675482665521,1,1,0
0,1256,0.069266518112272,1.65197262606169,0,0,0
0,1257,0.856251247227192,4.00015873881192,1,0,0
0,1258,0.31305460864678,3.19266200320721,1,0,0
0,1259,0.111697645159438,3.45972106177533,1,0,0
0,1260,0.245573397260159,7.27914083434808,1,1,1
0,1261,0.858631572918966,5.77721706002733,1,0,0
0,1262,0.174916024552658,2.15549222077987,0,0,0
0,1263,0.197747006779537,-0.982557877551837,0,0,0
0,1264,0.122856934554875,0.843005971095631,1,0,0
0,1265,0.760983351618052,3.64132978878003,1,0,0
0,1266,0.23875072831288,-1.40911302429741,0,0,0
0,1267,0.880048673134297,4.30280176714572,1,0,0
0,1268,0.91229670564644,5.02974730222392,1,0,0
0,1269,0.0347118980716914,3.19641697719756,0,0,0
0,1270,0.643205973319709,5.06369045382336,1,0,0
0,1271,0.0820914274081588,4.80122737350027,0,0,0
0,1272,0.779549332568422,2.7350754252122,0,0,0
0,1273,0.450083455769345,1.82190836760876,0,1,0
0,1274,0.512289700098336,0.285097962491968,0,0,1
0,1275,0.320927784312516,-1.49345636722758,0,0,1
0,1276,0.238427571719512,2.07112921554983,0,0,0
0,1277,0.424092086963356,2.55594757693438,1,0,0
0,1278,0.849793911678717,5.25829180008869,1,0,1
0,1279,0.651799155864865,2.92336681238532,1,0,0
0,1280,0.427116764709353,3.48247430550913,1,0,1
0,1281,0.215139676583931,-2.143480387654,0,0,0
0,1282,0.456110425293446,-0.731553222891061,0,0,0
0,1283,0.862129452638328,4.951116680136,1,1,0
0,1284,0.295949559193105,1.4126776181993,0,0,0
0,1285,0.506397100631148,1.49973335527461,0,0,0
0,1286,0.398670630995184,2.27859941072917,0,0,1
0,1287,0.425123793305829,3.01880203416966,0,0,1
0,1288,0.385224575409666,4.98180714597157,1,1,0
0,1289,0.96335151954554,3.42388898746518,1,0,0
0,1290,0.494417324429378,2.75765801870409,1,0,0
0,1291,0.240320267854258,2.47872346633838,0,1,1
0,1292,0.325091718463227,2.41747137149937,0,0,0
0,1293,0.174857646692544,-0.639109441075574,0,0,0
0,1294,0.183483181986958,0.121332316956419,0,0,0
0,1295,0.381866860669106,1.38479976771993,0,0,0
0,1296,0.93602088233456,3.98590953803907,1,0,0
0,1297,0.884449949255213,5.865821928698,1,1,0
0,1298,0.886878255289048,1.71505387524766,0,0,0
0,1299,0.497476940276101,2.64878871020108,1,0,0
0,1300,0.565532800043002,4.04564141544458,1,0,0
0,1301,0.0345333961304277,0.254078931925438,0,0,0
0,1302,0.8006564269308,7.95689552015098,1,0,0
0,1303,0.730533762369305,2.70901093853809,0,0,0
0,1304,0.805978776188567,6.79253568178849,1,0,1
0,1305,0.497668895404786,0.646201366880016,0,0,0
0,1306,0.202982044313103,0.147226643004752,0,0,0
0,1307,0.411405309569091,1.29072393199486,0,0,0
0,1308,0.368816904723644,2.31447040807647,1,0,0
0,1309,0.317745530512184,-0.199175067647033,0,0,0
0,1310,0.764337655389681,4.3073768290464,1,1,0
0,1311,0.696643140632659,2.28648011299843,0,0,0
0,1312,0.064695255132392,-0.738186088938447,0,0,0
0,1313,0.643352701095864,2.710998721347,1,0,0
0,1314,0.283449495676905,2.91331210657394,0,0,0
0,1315,0.395411340054125,5.05094036705989,1,1,0
0,1316,0.465407068841159,-0.74991202586066,0,0,0
0,1317,0.30072304350324,-0.00671972294343126,0,0,0
0,1318,0.259878206066787,1.86880915175038,0,0,0
0,1319,0.241819524671882,1.49487542258716,0,0,0
0,1320,0.624795486684889,4.30283904498471,1,0,0
0,1321,0.110345586203039,0.153059362026959,0,0,1
0,1322,0.018422263674438,1.42065924366378,0,0,0
0,1323,0.806921594543383,4.61012018325742,1,0,0
0,1324,0.388566090958193,3.87474006663156,1,0,0
0,1325,0.056308273691684,-4.25679036366715,0,0,0
0,1326,0.161226507741958,2.21375268597411,0,1,0
0,1327,0.495582755189389,5.92400735832431,1,0,0
0,1328,0.559537804452702,-0.24487467266595,0,0,0
0,1329,0.0581181272864342,0.00109578281548733,0,0,0
0,1330,0.797439543763176,7.08856038743605,1,0,0
0,1331,0.511461885180324,3.31242362382095,1,0,0
0,1332,0.879556657280773,6.14013310470869,1,0,0
0,1333,0.822105018422008,4.48311064561217,1,0,0
0,1334,0.180957322008908,1.59983491962989,0,1,0
0,1335,0.384197708684951,1.94686680735041,0,0,0
0,1336,0.899744315771386,1.37296516806471,0,0,0
0,1337,0.713935769628733,5.21140122540088,1,0,0
0,1338,0.318000136176124,3.18044937939829,0,0,0
0,1339,0.7488335641101,6.30753736559968,1,1,0
0,1340,0.758695183089003,4.42155174879722,1,0,1
0,1341,0.0579780540429056,1.1065360283364,0,0,0
0,1342,0.744766952237114,4.28510617160181,1,1,0
0,1343,0.687117271358147,2.22067074110851,0,0,0
0,1344,0.197985067265108,1.44011782737566,1,0,0
0,1345,0.19039619481191,1.85005212662631,0,1,0
0,1346,0.778468564385548,6.4632828849548,1,0,0
0,1347,0.394219811307266,3.79299711852843,1,0,0
0,1348,0.519186700228602,2.97970765955732,1,0,0
0,1349,0.611958806868643,3.73686609169665,0,0,0
0,1350,0.342548615066335,1.98949344415151,0,0,0
0,1351,0.119115467881784,-0.93474605151805,0,0,0
0,1352,0.990171192912385,4.92662339956345,1,0,0
0,1353,0.621011526556686,3.43051222578305,0,0,0
0,1354,0.669214348308742,5.53374017931469,1,1,0
0,1355,0.152601385954767,0.0595413013407525,0,0,0
0,1356,0.415376152377576,-0.869401577245282,0,0,0
0,1357,0.654120826162398,8.38504828215244,1,0,0
0,1358,0.0272969536017627,4.23310903116549,1,1,0
0,1359,0.937698939582333,8.13231646962368,1,0,0
0,1360,0.924227195093408,9.14361539980787,1,1,1
0,1361,0.285657022381201,1.5742338571334,0,0,0
0,1362,0.993419143371284,6.57989544386958,1,1,0
0,1363,0.15302943252027,1.29789727770055,0,0,0
0,1364,0.817480203695595,4.02726167196287,1,0,0
0,1365,0.360296038445085,0.462847804936913,0,0,0
0,1366,0.127239250345156,-0.392692607321706,0,0,1
0,1367,0.0233778289984912,2.11687422200944,0,0,0
0,1368,0.130477969069034,-2.93783983753113,0,0,0
0,1369,0.32851967215538,1.07381534246187,0,1,0
0,1370,0.610105563653633,6.44400403409966,1,1,0
0,1371,0.804264226695523,3.29382111681836,1,0,0
0,1372,0.736836578231305,2.65777896591342,0,0,0
0,1373,0.153856325196102,1.56537694249126,0,0,0
0,1374,0.249949433142319,1.24413572712089,0,0,0
0,1375,0.25295461434871,1.80632883056939,0,0,0
0,1376,0.509441030444577,4.53744824645311,1,0,0
0,1377,0.675746007123962,6.52646387787053,1,0,0
0,1378,0.468248849036172,6.91359462828953,1,1,0
0,1379,0.279931467026472,5.91415262076991,1,0,0
0,1380,0.152067725080997,2.32358522193165,0,0,0
0,1381,0.751125976908952,3.72478239540311,1,0,0
0,1382,0.185051803011447,-2.17423272237184,0,0,0
0,1383,0.267104150494561,2.44967244586403,0,0,0
0,1384,0.303600146435201,3.33810149132559,0,0,0
0,1385,0.467316993745044,1.28808884326958,1,0,0
0,1386,0.874403272988275,2.00013540468712,0,0,0
0,1387,0.574864476686344,1.64228348321302,0,0,0
0,1388,0.814462187001482,2.30170981770642,1,0,0
0,1389,0.289386293385178,3.66412347530501,1,0,0
0,1390,0.289299138588831,2.27072435620244,0,0,0
0,1391,0.535509545588866,3.57742862481648,1,0,0
0,1392,0.521120599703863,3.71092994844973,1,0,0
0,1393,0.590546208899468,5.48202037818536,1,1,0
0,1394,0.784386918181553,1.91544556615201,1,1,0
0,1395,0.216408866690472,-0.270795840573767,0,0,0
0,1396,0.307466243393719,-0.359721315504837,0,0,0
0,1397,0.913516927277669,3.71340576929797,1,0,0
0,1398,0.48507158155553,2.61945415181403,1,0,0
0,1399,0.725844054250047,2.65991884264205,1,0,0
0,1400,0.21126600378193,1.19360710292831,0,0,0
0,1401,0.710185640491545,2.21888322750548,0,1,0
0,1402,0.602704313118011,5.07544939571243,1,0,0
0,1403,0.580138099612668,5.1447737710201,1,0,0
0,1404,0.263468477409333,0.15778616429561,0,0,0
0,1405,0.796228162245825,3.22627358909514,0,0,0
0,1406,0.946241778554395,6.93210200258259,1,0,0
0,1407,0.105610876809806,0.892508872839334,0,0,0
0,1408,0.21461001993157,-0.851194190592691,0,0,0
0,1409,0.282902515027672,0.246907950080077,0,0,0
0,1410,0.847133351722732,3.22044558055865,1,0,0
0,1411,0.959764981409535,7.91434602755895,1,1,0
0,1412,0.169963517459109,2.37847176271965,0,0,0
0,1413,0.61470165499486,4.87736841046173,1,0,0
0,1414,0.549932296155021,1.38091395157976,1,0,0
0,1415,0.711484370520338,1.75584907894445,1,0,0
0,1416,0.456765573006123,-1.08844267796331,0,0,0
0,1417,0.0968409986235201,1.61956897987259,0,1,0
0,1418,0.357846735743806,1.28482352434193,0,0,0
0,1419,0.687512951903045,3.229248606345,1,0,0
0,1420,0.907109948107973,6.10300651334361,1,0,0
0,1421,0.13059258973226,-3.20119269288431,0,0,0
0,1422,0.369120349176228,3.26450919602068,0,0,0
0,1423,0.0763186311814934,-1.41764814998267,0,0,0
0,1424,0.148366832640022,2.42254197982439,0,1,0
0,1425,0.60571804177016,7.31171168224879,1,0,0
0,1426,0.974198668729514,4.83654349867011,1,0,0
0,1427,0.921155368443578,6.68478595306849,1,1,0
0,1428,0.594122517621145,2.90724016172482,1,0,0
0,1429,0.195071087218821,0.50303152914092,0,1,0
0,1430,0.760971092386171,1.53892947661781,0,0,0
0,1431,0.532563491957262,-1.45697973065274,0,0,0
0,1432,0.737475941888988,8.37214490159357,1,1,0
0,1433,0.784312468254939,3.99210909312113,1,1,0
0,1434,0.969051698688418,3.20452528754189,1,0,0
0,1435,0.719999208347872,2.88300430158096,1,0,0
0,1436,0.900588077027351,6.27119201881725,1,1,0
0,1437,0.0111638123635203,0.391232538944073,0,0,0
0,1438,0.0969498266931623,2.36548891156984,0,0,0
0,1439,0.144942654529586,1.98354489400581,0,0,0
0,1440,0.133166091749445,1.28930213502686,0,0,0
0,1441,0.624848807230592,2.9888042190157,1,0,0
0,1442,0.301814928185195,-1.34973398110428,0,0,0
0,1443,0.29002610174939,-0.0751323529670891,0,0,0
0,1444,0.897108842385933,4.1062610343929,1,1,0
0,1445,0.115924823330715,0.253257630355828,0,1,0
0,1446,0.102731197141111,0.0490666032079105,0,1,0
0,1447,0.540434596594423,1.86684861971147,0,0,0
0,1448,0.0093968203291297,-0.116985624547373,0,0,0
0,1449,0.76687928638421,4.01197719907083,1,1,0
0,1450,0.298703576205298,1.08728725674628,0,0,0
0,1451,0.0498787751421332,3.90508178074193,1,0,0
0,1452,0.618732280330732,1.91442027647472,1,0,0
0,1453,0.0873908267822117,0.547234125630236,0,0,0
0,1454,0.441731443163007,0.485575365873746,0,0,0
0,1455,0.144068415043876,0.188541929709484,0,0,0
0,1456,0.879566326271743,2.6542777603485,1,0,0
0,1457,0.322746565332636,-1.19817732793779,0,0,0
0,1458,0.232624845812097,3.64846692790646,0,0,0
0,1459,0.330508079845458,3.59849707448704,0,0,0
0,1460,0.311054940801114,3.73180367527157,1,0,0
0,1461,0.0781718781217933,1.14329328278938,0,0,0
0,1462,0.466621680185199,3.98413506316558,1,0,0
0,1463,0.672753288643435,1.02011231324683,0,0,0
0,1464,0.953342515742406,5.74262587489793,1,0,0
0,1465,0.872496403520927,2.95843747181988,1,0,0
0,1466,0.575625068508089,5.20686189216931,1,1,0
0,1467,0.334544547833502,5.40337749542074,0,0,0
0,1468,0.242193938232958,0.550785487035511,0,0,0
0,1469,0.536945916712284,4.02050473970631,1,1,0
0,1470,0.757722475333139,7.52877789178349,1,1,1
0,1471,0.172133555868641,3.75978890453245,0,0,0
0,1472,0.229317412944511,2.32052474432754,0,0,0
0,1473,0.666984192095697,7.75663319292159,1,0,0
0,1474,0.6131089059636,6.26313106858125,1,0,0
0,1475,0.297959784278646,-0.630419583833147,0,0,0
0,1476,0.737251375103369,2.13394362789638,0,0,0
0,1477,0.321318368427455,2.34659167779293,0,1,0
0,1478,0.510780480224639,2.56065764028321,0,0,0
0,1479,0.498609241563827,5.24405810017019,1,0,0
0,1480,0.0776451353449374,2.24491487838337,0,1,0
0,1481,0.511179537279531,-2.4250420302828,0,0,0
0,1482,0.678230121964589,1.15309756845617,0,0,0
0,1483,0.054548894520849,-0.422456310737949,0,0,0
0,1484,0.304109684191644,0.877650432073452,0,0,0
0,1485,0.278357874136418,1.0926365058586,0,0,0
0,1486,0.583000854589045,3.33615286449296,1,0,0
0,1487,0.0839436517562717,1.86457821709006,0,0,0
0,1488,0.564831199124455,2.38294082977411,1,0,0
0,1489,0.391496116528288,2.93184785160068,0,0,0
0,1490,0.802633761661127,6.88140809855159,1,1,0
0,1491,0.996825380949304,4.82938874932481,1,0,0
0,1492,0.793866874650121,2.42825121933045,1,1,0
0,1493,0.147801533341408,0.39563100454815,0,0,0
0,1494,0.556964353425428,3.22158404680052,1,0,1
0,1495,0.395740547217429,-0.609344765074872,0,1,0
0,1496,0.340488296700642,1.66789502427125,0,0,0
0,1497,0.158426692942157,-1.52968813744282,0,0,0
0,1498,0.990145553136244,9.5843130156371,1,0,0
0,1499,0.205894188955426,3.09563227778294,0,0,0
0,1500,0.795149579644203,2.34931972012582,1,1,0
0,1501,0.184315959457308,1.53090501570641,0,0,0
0,1502,0.682341321604326,1.58593323418437,1,0,0
0,1503,0.694315327331424,1.73447531597046,0,0,0
0,1504,0.134293815586716,0.751198708299068,0,1,0
0,1505,0.752811024896801,4.37176092039936,1,0,0
0,1506,0.75515970448032,4.1820053808122,1,0,0
0,1507,0.980206866981462,8.99545141018005,1,1,0
0,1508,0.185714127495885,0.0893784291853168,0,0,0
0,1509,0.489729161374271,7.0921958859805,1,0,0
0,1510,0.498333234107122,2.5846185426015,0,0,0
0,1511,0.694428443908691,4.31142658366495,1,0,0
0,1512,0.0105880768969655,0.342100719401823,0,0,0
0,1513,0.791002992307767,3.41702019313442,0,0,0
0,1514,0.182367797009647,0.603625394841772,0,0,0
0,1515,0.435306457802653,5.61125167877355,1,0,0
0,1516,0.0730504973325878,1.50862324188466,0,0,0
0,1517,0.286498042289168,-0.057520490714521,0,0,0
0,1518,0.14564941637218,1.31891317829762,0,0,0
0,1519,0.225637684809044,1.52314673218444,0,0,0
0,1520,0.391093023121357,3.7986376675654,1,0,0
0,1521,0.0822421631310135,3.15822671177927,0,0,0
0,1522,0.905899020144716,7.30475899444874,1,1,0
0,1523,0.494359610136598,2.09603549786072,0,1,0
0,1524,0.288942468352616,1.58274296219971,0,0,0
0,1525,0.257212218130007,-0.718347378356636,0,0,0
0,1526,0.48143416759558,4.22119845468339,1,0,0
0,1527,0.47134463628754,5.7206298484291,1,0,0
0,1528,0.138197824824601,-2.59817748331463,0,0,0
0,1529,0.584359880536795,6.36178314482368,1,0,1
0,1530,0.317188153974712,4.50980040536921,1,1,0
0,1531,0.98314141179435,7.72312787556515,1,1,0
0,1532,0.672660360811278,3.51873294708104,1,0,0
0,1533,0.0486627083737403,0.412299981467729,0,0,0
0,1534,0.742534977616742,5.99079827561471,1,0,0
0,1535,0.648643211694434,5.8097625439946,1,0,0
0,1536,0.609669610857964,4.34551187801229,0,0,0
0,1537,0.281775385141373,1.01451879924383,0,0,0
0,1538,0.263411771738902,1.32982872683313,0,0,0
0,1539,0.732300089672208,4.19268024706936,1,0,0
0,1540,0.491386210778728,3.3235136695929,0,1,0
0,1541,0.94464610889554,2.55112185999432,1,1,0
0,1542,0.872646044008434,5.6240725716815,1,0,0
0,1543,0.360650104703382,2.35401881299401,0,0,0
0,1544,0.828976856777444,3.10378243102432,0,0,0
0,1545,0.835773420520127,5.71612392197866,1,1,1
0,1546,0.0643164974171668,4.32063469528448,1,0,0
0,1547,0.373293807962909,5.16593394913987,1,0,0
0,1548,0.158131193835288,2.03638494129756,0,0,0
0,1549,0.838863781187683,1.3191022387323,0,0,0
0,1550,0.364408096298575,2.84113222467556,0,1,0
0,1551,0.805814744206145,5.50423007046073,1,1,0
0,1552,0.717084849486127,4.98916981529421,1,0,0
0,1553,0.169897192390636,-5.03669811291639,0,0,0
0,1554,0.689808954019099,3.27753966606072,1,0,0
0,1555,0.978900199290365,4.20097218401939,1,1,0
0,1556,0.296666456619278,-1.34874906316957,0,0,0
0,1557,0.426095747854561,0.475499963168913,0,0,0
0,1558,0.926685322541744,5.23130937224859,1,0,0
0,1559,0.068415303947404,0.931936441667563,0,0,0
0,1560,0.274411667138338,3.13795225346128,0,0,0
0,1561,0.990638223942369,5.48621721574686,1,1,0
0,1562,0.792814778862521,6.73559529024473,1,0,0
0,1563,0.544556025415659,3.36284726773749,1,1,0
0,1564,0.331720076967031,0.475832319330036,0,0,0
0,1565,0.915942196035758,3.80423602700379,1,1,0
0,1566,0.522463557310402,0.425873764843633,0,0,1
0,1567,0.800391343422234,3.62411279533336,1,0,0
0,1568,0.724890886573121,6.42651112532012,1,0,0
0,1569,0.553693122696131,4.96071702238839,1,0,0
0,1570,0.285149058327079,1.87281185951679,0,0,0
0,1571,0.281639641383663,0.57106060282568,0,0,0
0,1572,0.440901431720704,1.53821748959829,0,0,0
0,1573,0.0904453117400408,1.5681580680123,0,0,0
0,1574,0.867775383871049,2.3537857593256,0,0,0
0,1575,0.835613901494071,6.05729524891129,1,0,0
0,1576,0.953812000341713,6.01329144414276,1,1,0
0,1577,0.588189011439681,2.85148536437178,1,0,0
0,1578,0.508627594681457,2.47390638434734,1,0,0
0,1579,0.661472856067121,5.40161274951084,1,0,0
0,1580,0.0482596112415195,-1.52667604770628,0,0,0
0,1581,0.850829292088747,5.25573821742154,1,1,0
0,1582,0.823596806498244,6.4030743483251,1,0,0
0,1583,0.742295409319922,1.63073766112508,0,0,0
0,1584,0.773996700299904,4.78666593117506,1,0,0
0,1585,0.364738627104089,3.24291612851059,0,0,0
0,1586,0.642181877512485,3.6939088310903,1,0,0
0,1587,0.8507675381843,4.70586667538292,1,1,1
0,1588,0.132666097721085,1.50319516736455,0,0,0
0,1589,0.551685906015337,4.06691595190169,1,0,0
0,1590,0.592388021294028,4.37756294767955,1,0,0
0,1591,0.515835112193599,3.88055969241286,1,0,0
0,1592,0.828500816598535,4.37885159238597,1,0,0
0,1593,0.1610284850467,0.19573590043625,0,0,0
0,1594,0.584383660694584,0.631539787250734,0,0,0
0,1595,0.489991549635306,1.54506883796957,0,0,0
0,1596,0.376256907824427,5.13763411372182,1,1,0
0,1597,0.702579109696671,4.39928377595771,1,1,0
0,1598,0.702130518853664,2.75573419125908,1,0,0
0,1599,0.754967678803951,4.70769447182712,1,0,0
0,1600,0.883999396814033,3.92615607216472,1,1,0
0,1601,0.0953499907627702,1.56534912546297,0,0,0
0,1602,0.998516797320917,7.00557071721855,1,0,0
0,1603,0.865478760097176,6.42167273388216,1,0,0
0,1604,0.86558849690482,3.65371057603004,1,0,0
0,1605,0.903466373914853,0.669996795342747,0,0,0
0,1606,0.611853298731148,3.90096877771151,1,0,0
0,1607,0.822443659650162,6.12475590701658,1,1,0
0,1608,0.457153809955344,2.55265475671419,0,0,0
0,1609,0.230357384542003,0.613247764120839,0,0,0
0,1610,0.0703783826902509,0.282471954105651,0,0,0
0,1611,0.756498348899186,3.88419634865057,0,0,0
0,1612,0.250233466504142,1.71077478377651,0,0,1
0,1613,0.872216617455706,3.46024792955107,1,0,0
0,1614,0.0882971824612468,-0.367512627546066,0,0,0
0,1615,0.2662959524896,2.87105796970234,0,1,0
0,1616,0.0271022031083703,2.06836082509964,0,0,0
0,1617,0.573603588389233,1.77842603109013,0,1,0
0,1618,0.995096098165959,7.52527387660809,1,0,0
0,1619,0.96187230781652,5.67425072378057,1,0,0
0,1620,0.907305599888787,3.73309084502829,1,0,0
0,1621,0.0374821010045707,-0.270160727733106,0,0,0
0,1622,0.959220997057855,9.78041429659726,1,1,1
0,1623,0.688690520823002,2.20315470199749,0,0,0
0,1624,0.0189759463537484,2.71051493932847,0,0,0
0,1625,0.659921256592497,5.56557447661007,1,0,0
0,1626,0.70456455508247,4.8503137118585,1,1,0
0,1627,0.678922252962366,2.91351717623493,1,0,0
0,1628,0.214502253569663,2.87075671936111,1,0,0
0,1629,0.676840039901435,6.37115645123992,1,0,0
0,1630,0.889815425733104,7.92110815774316,1,0,0
0,1631,0.108364961575717,-0.886202955536673,0,0,0
0,1632,0.940000041853637,5.45278611257729,1,1,0
0,1633,0.0790071599185467,-3.53022272096501,0,0,0
0,1634,0.0205089608207345,-0.837601443659925,0,0,0
0,1635,0.887704915134236,6.67866648945754,1,1,0
0,1636,0.149940982460976,1.13148369356834,0,0,0
0,1637,0.208060612203553,3.06366060143787,1,0,0
0,1638,0.0967900871764868,1.23549868009304,0,0,1
0,1639,0.0631355186924338,2.88445818463018,0,1,0
0,1640,0.756022369023412,1.66165152446367,0,0,1
0,1641,0.850521830376238,2.90482405462129,1,0,0
0,1642,0.837783619761467,6.31745836530906,1,0,0
0,1643,0.415633728262037,3.20516355151649,0,0,0
0,1644,0.243597248801962,2.14603723121554,1,0,0
0,1645,0.497050129109994,4.68069241907001,1,0,0
0,1646,0.296373094664887,-0.554833751017029,0,0,0
0,1647,0.779269886668772,5.22637653160982,1,0,0
0,1648,0.287372311810032,2.21057882033395,0,1,0
0,1649,0.888650085544214,3.89611256805747,1,1,0
0,1650,0.776172092184424,1.4615651144137,0,0,0
0,1651,0.0449624739121646,-2.37413086302624,0,0,0
0,1652,0.733936856966466,2.50686841175811,1,0,0
0,1653,0.0887931126635522,-1.69272789840039,0,0,0
0,1654,0.289026427781209,2.31711697319579,0,0,0
0,1655,0.182540021371096,2.38826195987832,1,0,0
0,1656,0.633003302616999,3.70880777403356,1,0,0
0,1657,0.865313231013715,1.07293965895074,0,0,0
0,1658,0.902506763348356,5.0761655500675,1,0,0
0,1659,0.817113828612491,6.54037379992702,1,1,0
0,1660,0.308834717608988,0.236408939034157,0,0,0
0,1661,0.517588952789083,0.857384529383965,0,0,0
0,1662,0.391338952351362,-0.47317838662972,0,0,0
0,1663,0.399824435822666,4.88014918543226,1,1,0
0,1664,0.305950526380911,0.397467774488711,0,0,0
0,1665,0.532404029509053,1.41368468279512,0,0,0
0,1666,0.458868456771597,1.65822467908131,0,0,0
0,1667,0.476568542188033,4.56469308517539,1,0,0
0,1668,0.458930207183585,2.16996058430682,0,0,0
0,1669,0.959435215219855,4.81732025524866,1,0,0
0,1670,0.366580047877505,-0.737080181400961,0,0,0
0,1671,0.561706483364105,3.1451189346978,0,0,0
0,1672,0.444327712757513,1.66352191377872,0,0,0
0,1673,0.742283912841231,3.96258991773793,1,0,0
0,1674,0.635226405225694,2.84594745301473,0,0,0
0,1675,0.653595299227163,5.33459502986654,1,1,0
0,1676,0.345323927002028,4.03870262072585,1,1,0
0,1677,0.432618637336418,2.72378020271413,0,0,0
0,1678,0.383168820524588,3.38075997032315,1,1,0
0,1679,0.550390168093145,2.71882603971532,0,1,0
0,1680,0.567719053477049,2.12377381995063,0,0,0
0,1681,0.873808972304687,8.42953180783825,1,1,0
0,1682,0.910122309345752,4.64210969992705,1,0,0
0,1683,0.953038195380941,3.76674643452063,1,0,0
0,1684,0.249153384473175,-0.903696704400016,0,0,0
0,1685,0.556558052776381,3.96298863197097,1,0,0
0,1686,0.993844186887145,8.0063943431843,1,0,0
0,1687,0.660932737169787,2.83026099152909,1,1,0
0,1688,0.998913514893502,8.57480534473273,1,0,0
0,1689,0.464652935042977,2.04889862337787,1,0,0
0,1690,0.481545181479305,6.30722727842834,1,0,0
0,1691,0.168981899041682,3.38035613294159,0,1,0
0,1692,0.58785828622058,5.07966823786631,1,1,1
0,1693,0.421795431058854,2.35294875525539,0,0,0
0,1694,0.0115727465599775,1.75712858495444,0,0,0
0,1695,0.0268049200531095,0.462321347720053,0,0,0
0,1696,0.0805320923682302,0.0520659937374761,0,0,0
0,1697,0.0115774306468666,-1.48998655355734,0,0,0
0,1698,0.983820475870743,4.97108021143625,1,0,0
0,1699,0.663034186000004,5.26101826160857,1,0,0
0,1700,0.735456299036741,6.04382316752861,1,1,0
0,1701,0.769380362238735,-0.258531306364604,0,0,0
0,1702,0.110935380216688,2.21698188325885,0,0,0
0,1703,0.285414199810475,0.201484589829355,0,1,0
0,1704,0.777109065791592,2.34551638558398,1,0,0
0,1705,0.292144737672061,1.7291176922777,0,0,0
0,1706,0.813497233670205,5.57265361211475,1,1,0
0,1707,0.364329217001796,4.5140631633653,1,1,0
0,1708,0.357921973336488,6.70322538276219,1,0,1
0,1709,0.793383314739913,3.9192233875583,1,1,0
0,1710,0.140217010397464,5.77074694105331,1,0,0
0,1711,0.723416294204071,2.33116682424959,0,0,0
0,1712,0.885575494496152,8.70436148989965,1,1,1
0,1713,0.143994799815118,-0.795806241757593,0,0,0
0,1714,0.81317379581742,4.32955480110412,1,1,0
0,1715,0.439207847462967,6.59248002629061,1,1,0
0,1716,0.0576434151735157,-1.75493587291535,0,0,0
0,1717,0.68679863284342,3.9243354990736,0,0,0
0,1718,0.1998274049256,0.785862476448695,0,0,0
0,1719,0.0977139060851187,-1.72276889597497,0,0,0
0,1720,0.469459387473762,1.93300325175733,0,0,0
0,1721,0.171427713707089,-0.122925084571601,0,0,0
0,1722,0.63945559039712,7.03727553494231,1,0,0
0,1723,0.75134090334177,4.52611773227182,1,0,0
0,1724,0.347894727950916,0.308652072328943,0,0,0
0,1725,0.415817820467055,4.1395538155478,1,0,0
0,1726,0.178490052931011,1.97963889505587,0,0,0
0,1727,0.87418810557574,3.22240500638741,1,0,1
0,1728,0.821364268427715,4.12892900671955,1,0,0
0,1729,0.756048642331734,5.55531942370196,1,0,0
0,1730,0.744064622092992,6.78056287402521,1,0,0
0,1731,0.170043472433463,1.05149403863648,1,0,0
0,1732,0.0806858690921217,0.601648860559738,0,0,0
0,1733,0.432952764211223,1.66018037326896,0,0,0
0,1734,0.283761991653591,2.48058728169624,1,0,0
0,1735,0.282832292839885,2.64299958242114,1,0,0
0,1736,0.943414787761867,10.998130894483,1,1,0
0,1737,0.352442762348801,0.0747301007053309,0,0,0
0,1738,0.0413265088573098,0.816391517564695,0,0,0
0,1739,0.371494006598368,0.846413033234874,0,0,0
0,1740,0.459170813905075,1.67037260783538,0,0,0
0,1741,0.320746954064816,4.10249105856333,1,0,0
0,1742,0.362851841375232,1.91400068737084,0,0,0
0,1743,0.402621934888884,5.54541704016592,1,0,0
0,1744,0.344658036483452,-1.49501013778469,0,0,0
0,1745,0.99659717688337,6.56153835955743,1,0,0
0,1746,0.374311968684196,1.56676017936304,0,0,0
0,1747,0.215571789536625,2.46240892330926,0,0,0
0,1748,0.788835960440338,6.3515536538008,1,0,0
0,1749,0.287053019739687,0.359239365824975,0,0,0
0,1750,0.706931465072557,5.15758155724469,1,0,0
0,1751,0.287736348807812,1.86627091424892,0,0,0
0,1752,0.43749665748328,4.19586901775846,1,0,1
0,1753,0.140548920724541,0.637571583723994,0,0,0
0,1754,0.433330683037639,3.22729986758327,1,1,0
0,1755,0.31854879646562,0.654655195758468,0,0,0
0,1756,0.120729923481122,-0.202909072756255,0,0,0
0,1757,0.183014458278194,4.69937081453514,1,1,0
0,1758,0.530745414318517,1.89369305770037,0,0,0
0,1759,0.255931340390816,2.02430252703958,1,1,0
0,1760,0.607705404981971,3.14806079021316,1,0,0
0,1761,0.33921481249854,-2.98903113756584,0,0,0
0,1762,0.293725122930482,4.69344344226995,1,1,0
0,1763,0.957450889749452,5.38662293295039,1,0,1
0,1764,0.0789628871716559,3.74683613252964,0,0,0
0,1765,0.828129368368536,5.01752193202256,1,1,0
0,1766,0.769489809637889,2.80969440519318,1,0,0
0,1767,0.611396389314905,1.34172548981455,0,0,0
0,1768,0.364455080358312,0.0365553469368773,0,0,0
0,1769,0.497743846615776,5.87731986382607,1,1,0
0,1770,0.834381913533434,8.79058813331252,1,0,0
0,1771,0.405858240788803,2.58901800519397,1,0,0
0,1772,0.602242066524923,7.70280042953649,1,0,0
0,1773,0.974663576344028,4.65068664398559,1,0,0
0,1774,0.24742801557295,1.82891416288186,0,0,0
0,1775,0.587496083695441,2.53491062511562,0,0,0
0,1776,0.342472086893395,2.24844569464276,1,0,0
0,1777,0.194625171134248,2.17319692833439,0,0,0
0,1778,0.35178681393154,0.245228252592006,0,0,0
0,1779,0.334933950100094,6.48167333987042,1,1,0
0,1780,0.383726291358471,3.17375399284785,1,0,0
0,1781,0.436573187354952,1.30415511479193,0,0,0
0,1782,0.955071962205693,6.11591564824528,1,0,0
0,1783,0.0636327737011015,2.78694901784127,0,0,0
0,1784,0.734512662049383,6.11815606211186,1,1,1
0,1785,0.725556363584474,6.40698788157056,1,1,0
0,1786,0.244009251473472,-0.159001946214602,0,0,0
0,1787,0.390165339922532,2.61072413366354,0,0,0
0,1788,0.174074910813943,-1.70775268515283,0,0,0
0,1789,0.537845253944397,6.48169329848501,1,0,0
0,1790,0.460898066172376,2.7311547725489,0,1,0
0,1791,0.698449780698866,3.38653165745425,1,0,0
0,1792,0.884947891812772,7.97791987594377,1,1,0
0,1793,0.583693705964833,4.23246550577355,1,0,0
0,1794,0.0311706389766186,-1.07229197240877,0,0,0
0,1795,0.505076146451756,6.81836530839904,1,1,1
0,1796,0.258795198984444,1.4988229095505,1,0,0
0,1797,0.978478631936014,6.99963588548416,1,0,0
0,1798,0.890455244574696,5.50556977477401,1,0,0
0,1799,0.81956500117667,4.13249619713812,1,0,0
0,1800,0.554041881812736,3.55339171646951,1,0,0
0,1801,0.471623066114262,6.27096485487233,1,0,0
0,1802,0.750896104844287,0.0878498892187283,0,0,0
0,1803,0.695523970061913,5.09300707416694,1,0,0
0,1804,0.954542741412297,6.1932725305013,1,0,0
0,1805,0.422386658377945,0.480972649624041,0,0,0
0,1806,0.326923931948841,5.45588021599167,1,0,0
0,1807,0.0452026177663356,2.83026892550602,0,0,0
0,1808,0.448352981824428,-0.0529396404610267,0,0,0
0,1809,0.164996607694775,-0.201655467319472,0,0,0
0,1810,0.587228424847126,0.883550377494551,0,0,0
0,1811,0.329441231675446,1.04648851681528,0,0,0
0,1812,0.542111509013921,2.03444022493115,0,0,0
0,1813,0.45096585014835,7.43997030952072,1,1,1
0,1814,0.519084148108959,5.74883593059591,1,0,0
0,1815,0.0732115702703595,4.43599849440457,1,0,0
0,1816,0.741234547458589,3.85697677166818,1,0,0
0,1817,0.48842858010903,4.75050363813036,1,0,0
0,1818,0.521198846399784,1.45257753419509,0,0,0
0,1819,0.631251741899177,1.45659707407971,0,0,0
0,1820,0.486573228612542,2.78057459185719,1,0,0
0,1821,0.885928260860965,5.24967974361134,1,0,1
0,1822,0.320123477140442,-0.0197537713529421,0,0,0
0,1823,0.972413439303637,6.89243518703661,1,0,0
0,1824,0.166328499326482,1.46009621261965,0,0,0
0,1825,0.416453622281551,2.84229043248728,0,0,0
0,1826,0.904808529885486,4.36573251851985,1,0,0
0,1827,0.284341025631875,0.119710504318808,0,0,0
0,1828,0.130564307328314,-0.0505325577778847,0,0,0
0,1829,0.191135896602646,-0.0086409594582928,0,0,0
0,1830,0.887414667755365,4.14064624443858,0,0,0
0,1831,0.126568899257109,1.46493855633103,0,0,0
0,1832,0.839231892721727,7.62718161622284,1,1,0
0,1833,0.93930315412581,6.48945676222248,1,1,1
0,1834,0.696821043500677,2.76027588572136,1,0,0
0,1835,0.59487866028212,2.46759641934811,0,0,0
0,1836,0.43848902429454,1.79968284896267,1,0,0
0,1837,0.318551753181964,1.35817284740537,0,1,0
0,1838,0.897319869603962,2.77569530586809,1,0,0
0,1839,0.155468167038634,2.19090244891322,0,0,0
0,1840,0.989313509082422,5.94109515702404,1,0,1
0,1841,0.590406713774428,1.49397234159922,1,0,0
0,1842,0.510410751216114,2.469852203923,1,0,0
0,1843,0.559839593945071,2.39869080683833,0,1,1
0,1844,0.0695454047527164,1.62158209586158,0,0,0
0,1845,0.798539861803874,3.27039097858701,1,0,1
0,1846,0.433089107973501,2.50584048767868,0,0,0
0,1847,0.506826856406406,3.27889292462667,1,0,0
0,1848,0.689832034753636,-0.555842558264794,0,0,0
0,1849,0.439360402990133,0.27611760309975,0,0,0
0,1850,0.934793307445943,2.95849863780768,1,0,0
0,1851,0.695252485806122,6.83025341558126,1,1,1
0,1852,0.274903878336772,3.58695353992534,1,0,0
0,1853,0.0742564487736672,0.438274096416678,0,0,0
0,1854,0.67504064226523,4.33834357352933,1,0,0
0,1855,0.570535899838433,-1.15660724057763,0,0,0
0,1856,0.0722897003870457,0.432620864251304,0,0,0
0,1857,0.708625077735633,0.971318528695138,0,0,0
0,1858,0.300613148603588,-1.52444673086091,0,0,0
0,1859,0.0500105659011751,-3.19729205288574,0,0,0
0,1860,0.0317791833076626,1.91923438963619,0,0,0
0,1861,0.724410676630214,5.05893996762333,1,0,0
0,1862,0.602596755605191,5.54757566977266,1,0,0
0,1863,0.0966069288551807,2.93381944304741,0,0,0
0,1864,0.289277471834794,5.72209614395292,1,0,0
0,1865,0.681145334150642,6.61638499428836,1,1,0
0,1866,0.737274699145928,7.35510410470239,1,0,0
0,1867,0.399153986247256,1.95663455337616,0,0,0
0,1868,0.391223611310124,1.67701436136298,0,0,0
0,1869,0.769352024886757,5.53302013002298,1,1,0
0,1870,0.506047211354598,1.7073488916269,0,0,0
0,1871,0.773155702743679,4.15385008378927,1,0,0
0,1872,0.299751158570871,7.21609409553273,1,0,0
0,1873,0.809516191016883,4.69280487569092,1,0,0
0,1874,0.103747212095186,1.16997379451417,0,0,0
0,1875,0.422075464623049,1.12508758705292,0,0,0
0,1876,0.528184694238007,2.34375617965412,0,0,0
0,1877,0.1592337267939,-0.579628936106559,0,0,0
0,1878,0.951908429386094,6.61165083432823,1,1,0
0,1879,0.410676668863744,-0.318624653443838,0,0,0
0,1880,0.995084607275203,5.84863560647625,1,0,0
0,1881,0.308906720718369,5.31218045874041,1,1,0
0,1882,0.237151498207822,5.48238948070044,1,0,0
0,1883,0.293378317030147,3.60266604690115,1,0,0
0,1884,0.780300080310553,1.57495395090114,1,0,0
0,1885,0.89382068766281,8.03984940575189,1,1,0
0,1886,0.18727302365005,-1.0355724424543,0,0,0
0,1887,0.108350527472794,-4.79464511126969,0,0,0
0,1888,0.263122252421454,1.78426596225441,0,0,0
0,1889,0.501519643701613,3.57583832588226,1,0,0
0,1890,0.338345472700894,3.0741541077477,0,0,0
0,1891,0.704971828265116,3.32725145710955,1,0,0
0,1892,0.809720780234784,6.45328111794881,1,1,0
0,1893,0.229066892759874,-5.28991369740222,0,0,0
0,1894,0.424308496061713,4.92287525932919,1,1,0
0,1895,0.647208153735846,6.25559565870155,1,1,0
0,1896,0.262718342011794,0.654260331215788,0,0,0
0,1897,0.500995597103611,3.10211154329507,1,0,0
0,1898,0.871630493551493,3.02786473906368,1,0,0
0,1899,0.439462563022971,1.07957970788009,0,0,0
0,1900,0.178206474520266,0.0279283787432958,0,0,0
0,1901,0.360538318986073,5.14632438715102,1,1,0
0,1902,0.487013547914103,4.17193389794332,1,0,0
0,1903,0.090420630061999,-0.739329317292083,0,0,0
0,1904,0.354092462686822,1.53092552434087,0,0,0
0,1905,0.31773124425672,1.06073871210139,0,0,0
0,1906,0.26420101383701,-3.85013809191822,0,0,0
0,1907,0.96540001546964,7.40790628828259,1,0,0
0,1908,0.904374808538705,4.21030950188613,1,1,0
0,1909,0.374720063293353,1.96970815816953,0,0,0
0,1910,0.679218288511038,5.29458792613549,1,0,0
0,1911,0.861597443930805,9.75569307257487,1,0,0
0,1912,0.256754814647138,1.01807285760381,0,0,0
0,1913,0.097632611868903,2.13285857883358,0,0,0
0,1914,0.701695153024048,7.17318934631561,1,0,0
0,1915,0.895193377044052,2.84902659421893,0,0,0
0,1916,0.272683861199766,-0.366776885979601,0,0,0
0,1917,0.344335591653362,0.0261114680825543,0,0,0
0,1918,0.236525980755687,-0.601873979038851,0,0,0
0,1919,0.553520028712228,4.00709767565698,1,0,0
0,1920,0.958219711668789,3.12475706031704,1,0,0
0,1921,0.107840958517045,0.7448354577985,0,0,0
0,1922,0.674137573922053,2.39689224914191,0,0,0
0,1923,0.0930386602412909,-2.76494992968945,0,1,0
0,1924,0.459435706725344,4.25731444085568,1,1,0
0,1925,0.325566014507785,3.94819620370107,1,1,0
0,1926,0.757211051182821,1.85125004907496,1,0,0
0,1927,0.847154701361433,6.72499954584877,1,0,0
0,1928,0.369824686087668,0.150607099476838,0,0,0
0,1929,0.486281186807901,3.44343442875383,0,0,0
0,1930,0.185670112725347,0.648402661701859,0,0,0
0,1931,0.662648482015356,0.263263203280997,0,0,0
0,1932,0.607589944964275,2.82346253798365,1,0,0
0,1933,0.561193461064249,1.52684083307634,1,0,0
0,1934,0.503537341253832,2.12245956720378,0,0,0
0,1935,0.480883218580857,6.16339378318911,1,0,0
0,1936,0.197606755420566,1.32215464992799,0,0,0
0,1937,0.909736597212031,4.17023258939965,1,1,1
0,1938,0.766929286532104,6.93350410481971,1,0,0
0,1939,0.208139471011236,1.14966240568594,0,1,0
0,1940,0.925050950143486,7.15218319799326,1,0,0
0,1941,0.857569390209392,2.83575237038552,1,0,1
0,1942,0.233113249531016,5.57551677742633,1,1,0
0,1943,0.0643463109154254,-1.1772741665056,0,0,0
0,1944,0.529066888149828,3.33242887045032,1,0,0
0,1945,0.672249077353626,4.81137213093809,1,0,0
0,1946,0.152512114495039,1.8077978452497,0,0,0
0,1947,0.837618537945673,1.86687455835057,0,0,1
0,1948,0.171023069648072,0.528737936722483,0,0,0
0,1949,0.643159703817219,3.11913431762907,1,0,0
0,1950,0.707596490159631,5.3856687130205,1,1,0
0,1951,0.308968547964469,-0.287348870874968,0,0,0
0,1952,0.929673679172993,3.19512972099362,1,1,0
0,1953,0.405022733611986,2.51599080926207,1,0,0
0,1954,0.835183702642098,0.817892059769385,0,0,0
0,1955,0.860092863207683,9.04458914910199,1,0,1
0,1956,0.399119204608724,4.14164937841881,0,0,0
0,1957,0.45140591613017,4.82836270298641,1,0,0
0,1958,0.429281851276755,3.64768832624297,1,0,0
0,1959,0.278678913135082,0.87133370707869,0,0,0
0,1960,0.924123699311167,2.55125279591773,1,0,0
0,1961,0.843471153406426,4.12487340607423,1,0,0
0,1962,0.462667990010232,0.4377439597865,0,0,1
0,1963,0.8194246632047,2.33316031454659,1,0,0
0,1964,0.921049281489104,5.91665497270637,1,0,0
0,1965,0.131009888835251,4.75922346451194,1,0,0
0,1966,0.683035475667566,5.10268349928564,1,0,0
0,1967,0.754820466041565,4.78522521164657,1,0,0
0,1968,0.456132563762367,3.49640673624541,1,0,0
0,1969,0.157019450794905,0.731417201230136,0,0,0
0,1970,0.126341575291008,0.050895821049453,0,0,0
0,1971,0.893304768251255,2.47857527195751,0,1,0
0,1972,0.504958498990163,3.87896390737895,1,0,0
0,1973,0.768638688139617,1.44711224140422,0,0,0
0,1974,0.877144106663764,6.45118090944892,1,0,0
0,1975,0.390699085080996,0.641423463434319,1,0,0
0,1976,0.00606796774081886,1.75106991282934,0,1,0
0,1977,0.0485659865662456,3.44896800755492,1,0,0
0,1978,0.271734341746196,-1.88525177123373,0,0,0
0,1979,0.441413063555956,0.256852374992232,0,0,0
0,1980,0.745204327860847,2.38025772012589,1,0,0
0,1981,0.0306653911247849,0.965419682825499,0,0,0
0,1982,0.00617358996532857,2.05320264591246,0,0,0
0,1983,0.621208784403279,4.83727234089456,1,1,0
0,1984,0.471449940698221,3.87649788437429,0,0,0
0,1985,0.648339192150161,5.54326318824592,1,0,0
0,1986,0.713523004436865,0.275191484611297,0,0,0
0,1987,0.0692310440354049,3.08961236307418,0,0,0
0,1988,0.131339459912851,1.11970105781084,0,0,0
0,1989,0.21522869495675,5.33987736031547,1,1,0
0,1990,0.318580137565732,3.15526888106298,1,1,0
0,1991,0.621763351606205,5.37383978305295,1,0,0
0,1992,0.447332556825131,3.24942533570056,0,0,0
0,1993,0.0819793210830539,-0.394548809296922,0,0,0
0,1994,0.105983091052622,2.71974729730938,0,0,1
0,1995,0.151528822956607,2.3568825967708,0,0,0
0,1996,0.853924589464441,0.474834105775913,0,0,0
0,1997,0.809957123361528,4.57955425443452,1,1,0
0,1998,0.346906481543556,2.03120710888479,0,0,0
0,1999,0.487399855162948,5.05118189024496,1,0,0
0,2000,0.463818417862058,0.995926442300637,0,0,0
